raster_code,county,country,regions,source
11001,Dubrovačko-neretvanska županija,Croatia,Southern Europe,NUTS3
11002,Brodsko-posavska županija,Croatia,Southern Europe,NUTS3
11003,Zadarska županija,Croatia,Southern Europe,NUTS3
11004,Šibensko-kninska županija,Croatia,Southern Europe,NUTS3
11005,Ličko-senjska županija,Croatia,Southern Europe,NUTS3
11006,Karlovačka županija,Croatia,Southern Europe,NUTS3
11007,Splitsko-dalmatinska županija,Croatia,Southern Europe,NUTS3
11008,Sisačko-moslavačka županija,Croatia,Southern Europe,NUTS3
11009,Vukovarsko-srijemska županija,Croatia,Southern Europe,NUTS3
11010,Krapinsko-zagorska županija,Croatia,Southern Europe,NUTS3
11011,Virovitičko-podravska županija,Croatia,Southern Europe,NUTS3
11012,Požeško-slavonska županija,Croatia,Southern Europe,NUTS3
11013,Koprivničko-križevačka županija,Croatia,Southern Europe,NUTS3
11014,Međimurska županija,Croatia,Southern Europe,NUTS3
11015,Bjelovarsko-bilogorska županija,Croatia,Southern Europe,NUTS3
11016,Zagrebačka županija,Croatia,Southern Europe,NUTS3
11017,Varaždinska županija,Croatia,Southern Europe,NUTS3
11018,Istarska županija,Croatia,Southern Europe,NUTS3
11019,Primorsko-goranska županija,Croatia,Southern Europe,NUTS3
11020,Osječko-baranjska županija,Croatia,Southern Europe,NUTS3
11021,Grad Zagreb,Croatia,Southern Europe,NUTS3
12001,Kukës,Albania,Southern Europe,NUTS3
12002,Shkodër,Albania,Southern Europe,NUTS3
12003,Korcë,Albania,Southern Europe,NUTS3
12004,Gjirokastër,Albania,Southern Europe,NUTS3
12005,Tiranë,Albania,Southern Europe,NUTS3
12006,Berat,Albania,Southern Europe,NUTS3
12007,Fier,Albania,Southern Europe,NUTS3
12008,Vlorë,Albania,Southern Europe,NUTS3
12009,Lezhë,Albania,Southern Europe,NUTS3
12010,Dibër,Albania,Southern Europe,NUTS3
12011,Durrës,Albania,Southern Europe,NUTS3
12012,Elbasan,Albania,Southern Europe,NUTS3
13001,Скопски,North Macedonia,Southern Europe,NUTS3
13002,Полошки,North Macedonia,Southern Europe,NUTS3
13003,Североисточен,North Macedonia,Southern Europe,NUTS3
13004,Пелагониски,North Macedonia,Southern Europe,NUTS3
13005,Југозападен,North Macedonia,Southern Europe,NUTS3
13006,Југоисточен,North Macedonia,Southern Europe,NUTS3
13007,Вардарски,North Macedonia,Southern Europe,NUTS3
13008,Источен,North Macedonia,Southern Europe,NUTS3
14001,Сремска област,Serbia,Southern Europe,NUTS3
14002,Златиборска област,Serbia,Southern Europe,NUTS3
14003,Рашка област,Serbia,Southern Europe,NUTS3
14004,Расинска област,Serbia,Southern Europe,NUTS3
14005,Јабланичка област,Serbia,Southern Europe,NUTS3
14006,Пчињска област,Serbia,Southern Europe,NUTS3
14007,Топличка област,Serbia,Southern Europe,NUTS3
14008,Мачванска област,Serbia,Southern Europe,NUTS3
14009,Севернобачка област,Serbia,Southern Europe,NUTS3
14010,Борска област,Serbia,Southern Europe,NUTS3
14011,Средњобанатска област,Serbia,Southern Europe,NUTS3
14012,Севернобанатска област,Serbia,Southern Europe,NUTS3
14013,Колубарска област,Serbia,Southern Europe,NUTS3
14014,Јужнобанатска област,Serbia,Southern Europe,NUTS3
14015,Јужнобачка област,Serbia,Southern Europe,NUTS3
14016,Западнобачка област,Serbia,Southern Europe,NUTS3
14017,Пиротска област,Serbia,Southern Europe,NUTS3
14018,Подунавска област,Serbia,Southern Europe,NUTS3
14019,Шумадијска област,Serbia,Southern Europe,NUTS3
14020,Браничевска област,Serbia,Southern Europe,NUTS3
14021,Зајечарска област,Serbia,Southern Europe,NUTS3
14022,Поморавска област,Serbia,Southern Europe,NUTS3
14023,Београдска област,Serbia,Southern Europe,NUTS3
14024,Моравичка област,Serbia,Southern Europe,NUTS3
14025,Нишавска област,Serbia,Southern Europe,NUTS3
15001,Girona,Spain,Southern Europe,NUTS3
15002,Huesca,Spain,Southern Europe,NUTS3
15003,La Palma,Spain,Southern Europe,NUTS3
15004,Lanzarote,Spain,Southern Europe,NUTS3
15005,Zamora,Spain,Southern Europe,NUTS3
15006,Tenerife,Spain,Southern Europe,NUTS3
15007,Toledo,Spain,Southern Europe,NUTS3
15008,León,Spain,Southern Europe,NUTS3
15009,Cádiz,Spain,Southern Europe,NUTS3
15010,La Gomera,Spain,Southern Europe,NUTS3
15011,Barcelona,Spain,Southern Europe,NUTS3
15012,Castellón/Castelló,Spain,Southern Europe,NUTS3
15013,Eivissa y Formentera,Spain,Southern Europe,NUTS3
15014,Burgos,Spain,Southern Europe,NUTS3
15015,Tarragona,Spain,Southern Europe,NUTS3
15016,Alicante/Alacant,Spain,Southern Europe,NUTS3
15017,Lleida,Spain,Southern Europe,NUTS3
15018,Mallorca,Spain,Southern Europe,NUTS3
15019,Menorca,Spain,Southern Europe,NUTS3
15020,Badajoz,Spain,Southern Europe,NUTS3
15021,Córdoba,Spain,Southern Europe,NUTS3
15022,Cáceres,Spain,Southern Europe,NUTS3
15023,Valencia/València,Spain,Southern Europe,NUTS3
15024,Almería,Spain,Southern Europe,NUTS3
15025,Guadalajara,Spain,Southern Europe,NUTS3
15026,Huelva,Spain,Southern Europe,NUTS3
15027,Valladolid,Spain,Southern Europe,NUTS3
15028,Salamanca,Spain,Southern Europe,NUTS3
15029,Albacete,Spain,Southern Europe,NUTS3
15030,Granada,Spain,Southern Europe,NUTS3
15031,Araba/Álava,Spain,Southern Europe,NUTS3
15032,Gipuzkoa,Spain,Southern Europe,NUTS3
15033,Palencia,Spain,Southern Europe,NUTS3
15034,Cantabria,Spain,Southern Europe,NUTS3
15035,La Rioja,Spain,Southern Europe,NUTS3
15036,Teruel,Spain,Southern Europe,NUTS3
15037,Pontevedra,Spain,Southern Europe,NUTS3
15038,Ourense,Spain,Southern Europe,NUTS3
15039,Asturias,Spain,Southern Europe,NUTS3
15040,Soria,Spain,Southern Europe,NUTS3
15041,Zaragoza,Spain,Southern Europe,NUTS3
15042,A Coruña,Spain,Southern Europe,NUTS3
15043,Lugo,Spain,Southern Europe,NUTS3
15044,Ciudad Real,Spain,Southern Europe,NUTS3
15045,Murcia,Spain,Southern Europe,NUTS3
15046,Ceuta,Spain,Southern Europe,NUTS3
15047,Melilla,Spain,Southern Europe,NUTS3
15048,El Hierro,Spain,Southern Europe,NUTS3
15049,Fuerteventura,Spain,Southern Europe,NUTS3
15050,Gran Canaria,Spain,Southern Europe,NUTS3
15051,Madrid,Spain,Southern Europe,NUTS3
15052,Sevilla,Spain,Southern Europe,NUTS3
15053,Ávila,Spain,Southern Europe,NUTS3
15054,Jaén,Spain,Southern Europe,NUTS3
15055,Málaga,Spain,Southern Europe,NUTS3
15056,Navarra,Spain,Southern Europe,NUTS3
15057,Segovia,Spain,Southern Europe,NUTS3
15058,Cuenca,Spain,Southern Europe,NUTS3
15059,Bizkaia,Spain,Southern Europe,NUTS3
16001,Ηράκλειο,Greece,Southern Europe,NUTS3
16002,Θεσπρωτία,Greece,Southern Europe,NUTS3
16003,Ιωάννινα,Greece,Southern Europe,NUTS3
16004,Χανιά,Greece,Southern Europe,NUTS3
16005,Έβρος,Greece,Southern Europe,NUTS3
16006,Ξάνθη,Greece,Southern Europe,NUTS3
16007,"Λακωνία, Μεσσηνία",Greece,Southern Europe,NUTS3
16008,Φωκίδα,Greece,Southern Europe,NUTS3
16009,Βόρειος Τομέας Αθηνών,Greece,Southern Europe,NUTS3
16010,Δυτικός Τομέας Αθηνών,Greece,Southern Europe,NUTS3
16011,Ροδόπη,Greece,Southern Europe,NUTS3
16012,Χίος,Greece,Southern Europe,NUTS3
16013,"Κάλυμνος, Κάρπαθος – Ηρωική Νήσος Κάσος, Κως, Ρόδος",Greece,Southern Europe,NUTS3
16014,Δράμα,Greece,Southern Europe,NUTS3
16015,Ανατολική Αττική,Greece,Southern Europe,NUTS3
16016,Δυτική Αττική,Greece,Southern Europe,NUTS3
16017,"Ικαρία, Σάμος",Greece,Southern Europe,NUTS3
16018,"Άνδρος, Θήρα, Κέα, Μήλος, Μύκονος, Νάξος, Πάρος, Σύρος, Τήνος",Greece,Southern Europe,NUTS3
16019,"Άρτα, Πρέβεζα",Greece,Southern Europe,NUTS3
16020,Θεσσαλονίκη,Greece,Southern Europe,NUTS3
16021,Αιτωλοακαρνανία,Greece,Southern Europe,NUTS3
16022,"Καρδίτσα, Τρίκαλα",Greece,Southern Europe,NUTS3
16023,"Λέσβος, Λήμνος",Greece,Southern Europe,NUTS3
16024,Νότιος Τομέας Αθηνών,Greece,Southern Europe,NUTS3
16025,Καστοριά,Greece,Southern Europe,NUTS3
16026,Κέρκυρα,Greece,Southern Europe,NUTS3
16027,Κιλκίς,Greece,Southern Europe,NUTS3
16028,Πέλλα,Greece,Southern Europe,NUTS3
16029,Πιερία,Greece,Southern Europe,NUTS3
16030,Σέρρες,Greece,Southern Europe,NUTS3
16031,Λασίθι,Greece,Southern Europe,NUTS3
16032,Κορινθία,Greece,Southern Europe,NUTS3
16033,"Αργολίδα, Αρκαδία",Greece,Southern Europe,NUTS3
16034,Αχαΐα,Greece,Southern Europe,NUTS3
16035,"Πειραιάς, Νήσοι",Greece,Southern Europe,NUTS3
16036,Ηλεία,Greece,Southern Europe,NUTS3
16037,Ρέθυμνο,Greece,Southern Europe,NUTS3
16038,Εύβοια,Greece,Southern Europe,NUTS3
16039,Χαλκιδική,Greece,Southern Europe,NUTS3
16040,"Γρεβενά, Κοζάνη",Greece,Southern Europe,NUTS3
16041,Φλώρινα,Greece,Southern Europe,NUTS3
16042,Κεντρικός Τομέας Αθηνών,Greece,Southern Europe,NUTS3
16043,Λάρισα,Greece,Southern Europe,NUTS3
16044,Ζάκυνθος,Greece,Southern Europe,NUTS3
16045,"Θάσος, Καβάλα",Greece,Southern Europe,NUTS3
16046,Βοιωτία,Greece,Southern Europe,NUTS3
16047,Ευρυτανία,Greece,Southern Europe,NUTS3
16048,"Μαγνησία, Σποράδες",Greece,Southern Europe,NUTS3
16049,"Ιθάκη, Κεφαλληνία",Greece,Southern Europe,NUTS3
16050,Λευκάδα,Greece,Southern Europe,NUTS3
16051,Ημαθία,Greece,Southern Europe,NUTS3
16052,Φθιώτιδα,Greece,Southern Europe,NUTS3
17001,Malta,Malta,Southern Europe,NUTS3
17002,Gozo and Comino/Għawdex u Kemmuna,Malta,Southern Europe,NUTS3
18001,Firenze,Italy,Southern Europe,NUTS3
18002,Prato,Italy,Southern Europe,NUTS3
18003,Asti,Italy,Southern Europe,NUTS3
18004,Vicenza,Italy,Southern Europe,NUTS3
18005,Belluno,Italy,Southern Europe,NUTS3
18006,Bergamo,Italy,Southern Europe,NUTS3
18007,Chieti,Italy,Southern Europe,NUTS3
18008,Torino,Italy,Southern Europe,NUTS3
18009,Cosenza,Italy,Southern Europe,NUTS3
18010,Isernia,Italy,Southern Europe,NUTS3
18011,Campobasso,Italy,Southern Europe,NUTS3
18012,Caserta,Italy,Southern Europe,NUTS3
18013,Brescia,Italy,Southern Europe,NUTS3
18014,Reggio di Calabria,Italy,Southern Europe,NUTS3
18015,Foggia,Italy,Southern Europe,NUTS3
18016,Bari,Italy,Southern Europe,NUTS3
18017,Barletta-Andria-Trani,Italy,Southern Europe,NUTS3
18018,Crotone,Italy,Southern Europe,NUTS3
18019,Como,Italy,Southern Europe,NUTS3
18020,Lecco,Italy,Southern Europe,NUTS3
18021,Sondrio,Italy,Southern Europe,NUTS3
18022,Catanzaro,Italy,Southern Europe,NUTS3
18023,Salerno,Italy,Southern Europe,NUTS3
18024,Taranto,Italy,Southern Europe,NUTS3
18025,Brindisi,Italy,Southern Europe,NUTS3
18026,Vibo Valentia,Italy,Southern Europe,NUTS3
18027,Cremona,Italy,Southern Europe,NUTS3
18028,Palermo,Italy,Southern Europe,NUTS3
18029,Milano,Italy,Southern Europe,NUTS3
18030,Monza e della Brianza,Italy,Southern Europe,NUTS3
18031,L’Aquila,Italy,Southern Europe,NUTS3
18032,Potenza,Italy,Southern Europe,NUTS3
18033,Matera,Italy,Southern Europe,NUTS3
18034,Massa-Carrara,Italy,Southern Europe,NUTS3
18035,Pistoia,Italy,Southern Europe,NUTS3
18036,Pordenone,Italy,Southern Europe,NUTS3
18037,Udine,Italy,Southern Europe,NUTS3
18038,Messina,Italy,Southern Europe,NUTS3
18039,Livorno,Italy,Southern Europe,NUTS3
18040,Pisa,Italy,Southern Europe,NUTS3
18041,Venezia,Italy,Southern Europe,NUTS3
18042,Pescara,Italy,Southern Europe,NUTS3
18043,Grosseto,Italy,Southern Europe,NUTS3
18044,Perugia,Italy,Southern Europe,NUTS3
18045,Trento,Italy,Southern Europe,NUTS3
18046,Verona,Italy,Southern Europe,NUTS3
18047,Pavia,Italy,Southern Europe,NUTS3
18048,Lodi,Italy,Southern Europe,NUTS3
18049,Mantova,Italy,Southern Europe,NUTS3
18050,Nuoro,Italy,Southern Europe,NUTS3
18051,Trapani,Italy,Southern Europe,NUTS3
18052,Treviso,Italy,Southern Europe,NUTS3
18053,Teramo,Italy,Southern Europe,NUTS3
18054,Benevento,Italy,Southern Europe,NUTS3
18055,Sud Sardegna,Italy,Southern Europe,NUTS3
18056,Lucca,Italy,Southern Europe,NUTS3
18057,Napoli,Italy,Southern Europe,NUTS3
18058,Avellino,Italy,Southern Europe,NUTS3
18059,Arezzo,Italy,Southern Europe,NUTS3
18060,Siena,Italy,Southern Europe,NUTS3
18061,Vercelli,Italy,Southern Europe,NUTS3
18062,Reggio nell’Emilia,Italy,Southern Europe,NUTS3
18063,Siracusa,Italy,Southern Europe,NUTS3
18064,Forlì-Cesena,Italy,Southern Europe,NUTS3
18065,Rimini,Italy,Southern Europe,NUTS3
18066,Valle d’Aosta/Vallée d’Aoste,Italy,Southern Europe,NUTS3
18067,Imperia,Italy,Southern Europe,NUTS3
18068,Modena,Italy,Southern Europe,NUTS3
18069,Bologna,Italy,Southern Europe,NUTS3
18070,Latina,Italy,Southern Europe,NUTS3
18071,Ravenna,Italy,Southern Europe,NUTS3
18072,Alessandria,Italy,Southern Europe,NUTS3
18073,Savona,Italy,Southern Europe,NUTS3
18074,Sassari,Italy,Southern Europe,NUTS3
18075,Bolzano-Bozen,Italy,Southern Europe,NUTS3
18076,Rieti,Italy,Southern Europe,NUTS3
18077,Roma,Italy,Southern Europe,NUTS3
18078,Frosinone,Italy,Southern Europe,NUTS3
18079,Oristano,Italy,Southern Europe,NUTS3
18080,Ferrara,Italy,Southern Europe,NUTS3
18081,Genova,Italy,Southern Europe,NUTS3
18082,La Spezia,Italy,Southern Europe,NUTS3
18083,Varese,Italy,Southern Europe,NUTS3
18084,Enna,Italy,Southern Europe,NUTS3
18085,Catania,Italy,Southern Europe,NUTS3
18086,Ragusa,Italy,Southern Europe,NUTS3
18087,Cuneo,Italy,Southern Europe,NUTS3
18088,Ancona,Italy,Southern Europe,NUTS3
18089,Agrigento,Italy,Southern Europe,NUTS3
18090,Caltanissetta,Italy,Southern Europe,NUTS3
18091,Novara,Italy,Southern Europe,NUTS3
18092,Lecce,Italy,Southern Europe,NUTS3
18093,Verbano-Cusio-Ossola,Italy,Southern Europe,NUTS3
18094,Gorizia,Italy,Southern Europe,NUTS3
18095,Trieste,Italy,Southern Europe,NUTS3
18096,Piacenza,Italy,Southern Europe,NUTS3
18097,Parma,Italy,Southern Europe,NUTS3
18098,Macerata,Italy,Southern Europe,NUTS3
18099,Ascoli Piceno,Italy,Southern Europe,NUTS3
18100,Fermo,Italy,Southern Europe,NUTS3
18101,Viterbo,Italy,Southern Europe,NUTS3
18102,Padova,Italy,Southern Europe,NUTS3
18103,Rovigo,Italy,Southern Europe,NUTS3
18104,Biella,Italy,Southern Europe,NUTS3
18105,Terni,Italy,Southern Europe,NUTS3
18106,Pesaro e Urbino,Italy,Southern Europe,NUTS3
18107,Cagliari,Italy,Southern Europe,NUTS3
19001,Lezíria do Tejo,Portugal,Southern Europe,NUTS3
19002,Alto Alentejo,Portugal,Southern Europe,NUTS3
19003,Beiras e Serra da Estrela,Portugal,Southern Europe,NUTS3
19004,Área Metropolitana de Lisboa,Portugal,Southern Europe,NUTS3
19005,Beira Baixa,Portugal,Southern Europe,NUTS3
19006,Alto Tâmega,Portugal,Southern Europe,NUTS3
19007,Tâmega e Sousa,Portugal,Southern Europe,NUTS3
19008,Douro,Portugal,Southern Europe,NUTS3
19009,Baixo Alentejo,Portugal,Southern Europe,NUTS3
19010,Oeste,Portugal,Southern Europe,NUTS3
19011,Região de Coimbra,Portugal,Southern Europe,NUTS3
19012,Região de Leiria,Portugal,Southern Europe,NUTS3
19013,Viseu Dão Lafões,Portugal,Southern Europe,NUTS3
19014,Alentejo Litoral,Portugal,Southern Europe,NUTS3
19015,Cávado,Portugal,Southern Europe,NUTS3
19016,Ave,Portugal,Southern Europe,NUTS3
19017,Área Metropolitana do Porto,Portugal,Southern Europe,NUTS3
19018,Algarve,Portugal,Southern Europe,NUTS3
19019,Médio Tejo,Portugal,Southern Europe,NUTS3
19020,Terras de Trás-os-Montes,Portugal,Southern Europe,NUTS3
19021,Região de Aveiro,Portugal,Southern Europe,NUTS3
19022,Alto Minho,Portugal,Southern Europe,NUTS3
19023,Região Autónoma dos Açores,Portugal,Southern Europe,NUTS3
19024,Região Autónoma da Madeira,Portugal,Southern Europe,NUTS3
19025,Alentejo Central,Portugal,Southern Europe,NUTS3
20001,Koroška,Slovenia,Southern Europe,NUTS3
20002,Zasavska,Slovenia,Southern Europe,NUTS3
20003,Podravska,Slovenia,Southern Europe,NUTS3
20004,Obalno-kraška,Slovenia,Southern Europe,NUTS3
20005,Savinjska,Slovenia,Southern Europe,NUTS3
20006,Pomurska,Slovenia,Southern Europe,NUTS3
20007,Primorsko-notranjska,Slovenia,Southern Europe,NUTS3
20008,Osrednjeslovenska,Slovenia,Southern Europe,NUTS3
20009,Goriška,Slovenia,Southern Europe,NUTS3
20010,Gorenjska,Slovenia,Southern Europe,NUTS3
20011,Posavska,Slovenia,Southern Europe,NUTS3
20012,Jugovzhodna Slovenija,Slovenia,Southern Europe,NUTS3
21001,Erding,Germany,Western Europe,NUTS3
21001,Escaldes-Engordany,Andorra,Southern Europe,OSM
21002,"Osnabrück, Landkreis",Germany,Western Europe,NUTS3
21002,Ordino,Andorra,Southern Europe,OSM
21003,Vechta,Germany,Western Europe,NUTS3
21003,Andorra la Vella,Andorra,Southern Europe,OSM
21004,Wesermarsch,Germany,Western Europe,NUTS3
21004,La Massana,Andorra,Southern Europe,OSM
21005,Olpe,Germany,Western Europe,NUTS3
21005,Sant Julià de Lòria,Andorra,Southern Europe,OSM
21006,Lörrach,Germany,Western Europe,NUTS3
21006,Canillo,Andorra,Southern Europe,OSM
21007,Kelheim,Germany,Western Europe,NUTS3
21007,Encamp,Andorra,Southern Europe,OSM
21008,Eichstätt,Germany,Western Europe,NUTS3
21009,Emsland,Germany,Western Europe,NUTS3
21010,"Hof, Landkreis",Germany,Western Europe,NUTS3
21011,Stade,Germany,Western Europe,NUTS3
21012,Uelzen,Germany,Western Europe,NUTS3
21013,Verden,Germany,Western Europe,NUTS3
21014,"Delmenhorst, Kreisfreie Stadt",Germany,Western Europe,NUTS3
21015,"Emden, Kreisfreie Stadt",Germany,Western Europe,NUTS3
21016,"Oldenburg (Oldenburg), Kreisfreie Stadt",Germany,Western Europe,NUTS3
21017,Dahme-Spreewald,Germany,Western Europe,NUTS3
21018,Elbe-Elster,Germany,Western Europe,NUTS3
21019,Friesland (DE),Germany,Western Europe,NUTS3
21020,Grafschaft Bentheim,Germany,Western Europe,NUTS3
21021,Leer,Germany,Western Europe,NUTS3
21022,"Oldenburg, Landkreis",Germany,Western Europe,NUTS3
21023,Landkreis Rostock,Germany,Western Europe,NUTS3
21024,Aurich,Germany,Western Europe,NUTS3
21025,Cloppenburg,Germany,Western Europe,NUTS3
21026,Werra-Meißner-Kreis,Germany,Western Europe,NUTS3
21027,"Rostock, Kreisfreie Stadt",Germany,Western Europe,NUTS3
21028,"Schwerin, Kreisfreie Stadt",Germany,Western Europe,NUTS3
21029,Hameln-Pyrmont,Germany,Western Europe,NUTS3
21030,"Osnabrück, Kreisfreie Stadt",Germany,Western Europe,NUTS3
21031,"Wilhelmshaven, Kreisfreie Stadt",Germany,Western Europe,NUTS3
21032,Rotenburg (Wümme),Germany,Western Europe,NUTS3
21033,Heidekreis,Germany,Western Europe,NUTS3
21034,Ammerland,Germany,Western Europe,NUTS3
21035,Cuxhaven,Germany,Western Europe,NUTS3
21036,Mecklenburgische Seenplatte,Germany,Western Europe,NUTS3
21037,Hildesheim,Germany,Western Europe,NUTS3
21038,Holzminden,Germany,Western Europe,NUTS3
21039,Nienburg (Weser),Germany,Western Europe,NUTS3
21040,Osterholz,Germany,Western Europe,NUTS3
21041,Hamburg,Germany,Western Europe,NUTS3
21042,"Darmstadt, Kreisfreie Stadt",Germany,Western Europe,NUTS3
21043,"Frankfurt am Main, Kreisfreie Stadt",Germany,Western Europe,NUTS3
21044,"Offenbach am Main, Kreisfreie Stadt",Germany,Western Europe,NUTS3
21045,"Wiesbaden, Kreisfreie Stadt",Germany,Western Europe,NUTS3
21046,Bergstraße,Germany,Western Europe,NUTS3
21047,Harburg,Germany,Western Europe,NUTS3
21048,Lüchow-Dannenberg,Germany,Western Europe,NUTS3
21049,"Lüneburg, Landkreis",Germany,Western Europe,NUTS3
21050,Siegen-Wittgenstein,Germany,Western Europe,NUTS3
21051,Soest,Germany,Western Europe,NUTS3
21052,Vorpommern-Rügen,Germany,Western Europe,NUTS3
21053,Unna,Germany,Western Europe,NUTS3
21054,"Koblenz, Kreisfreie Stadt",Germany,Western Europe,NUTS3
21055,Schaumburg,Germany,Western Europe,NUTS3
21056,Region Hannover,Germany,Western Europe,NUTS3
21057,Celle,Germany,Western Europe,NUTS3
21058,Alzey-Worms,Germany,Western Europe,NUTS3
21059,Bad Dürkheim,Germany,Western Europe,NUTS3
21060,Donnersbergkreis,Germany,Western Europe,NUTS3
21061,"Halle (Saale), Kreisfreie Stadt",Germany,Western Europe,NUTS3
21062,Gütersloh,Germany,Western Europe,NUTS3
21063,Herford,Germany,Western Europe,NUTS3
21064,Höxter,Germany,Western Europe,NUTS3
21065,"Speyer, Kreisfreie Stadt",Germany,Western Europe,NUTS3
21066,Kusel,Germany,Western Europe,NUTS3
21067,Börde,Germany,Western Europe,NUTS3
21068,Burgenlandkreis,Germany,Western Europe,NUTS3
21069,"Hamm, Kreisfreie Stadt",Germany,Western Europe,NUTS3
21070,"Herne, Kreisfreie Stadt",Germany,Western Europe,NUTS3
21071,"Kassel, Kreisfreie Stadt",Germany,Western Europe,NUTS3
21072,Leipzig,Germany,Western Europe,NUTS3
21073,Nordsachsen,Germany,Western Europe,NUTS3
21074,Jerichower Land,Germany,Western Europe,NUTS3
21075,Prignitz,Germany,Western Europe,NUTS3
21076,Reutlingen,Germany,Western Europe,NUTS3
21077,"Dessau-Roßlau, Kreisfreie Stadt",Germany,Western Europe,NUTS3
21078,Minden-Lübbecke,Germany,Western Europe,NUTS3
21079,Paderborn,Germany,Western Europe,NUTS3
21080,"Bochum, Kreisfreie Stadt",Germany,Western Europe,NUTS3
21081,"Dortmund, Kreisfreie Stadt",Germany,Western Europe,NUTS3
21082,"Hagen, Kreisfreie Stadt",Germany,Western Europe,NUTS3
21083,Ostprignitz-Ruppin,Germany,Western Europe,NUTS3
21084,Rhein-Neckar-Kreis,Germany,Western Europe,NUTS3
21085,"Pforzheim, Stadtkreis",Germany,Western Europe,NUTS3
21086,Calw,Germany,Western Europe,NUTS3
21087,Enzkreis,Germany,Western Europe,NUTS3
21088,Germersheim,Germany,Western Europe,NUTS3
21089,Nürnberger Land,Germany,Western Europe,NUTS3
21090,Neustadt a. d. Aisch-Bad Windsheim,Germany,Western Europe,NUTS3
21091,Potsdam-Mittelmark,Germany,Western Europe,NUTS3
21092,Spree-Neiße,Germany,Western Europe,NUTS3
21093,"Gießen, Landkreis",Germany,Western Europe,NUTS3
21094,Lahn-Dill-Kreis,Germany,Western Europe,NUTS3
21095,Limburg-Weilburg,Germany,Western Europe,NUTS3
21096,Marburg-Biedenkopf,Germany,Western Europe,NUTS3
21097,Roth,Germany,Western Europe,NUTS3
21098,"Ulm, Stadtkreis",Germany,Western Europe,NUTS3
21099,Lindau (Bodensee),Germany,Western Europe,NUTS3
21100,Ostallgäu,Germany,Western Europe,NUTS3
21101,Vogelsbergkreis,Germany,Western Europe,NUTS3
21102,Esslingen,Germany,Western Europe,NUTS3
21103,Fulda,Germany,Western Europe,NUTS3
21104,Hersfeld-Rotenburg,Germany,Western Europe,NUTS3
21105,Wolfenbüttel,Germany,Western Europe,NUTS3
21106,"Bayreuth, Kreisfreie Stadt",Germany,Western Europe,NUTS3
21107,"Coburg, Kreisfreie Stadt",Germany,Western Europe,NUTS3
21108,"Hof, Kreisfreie Stadt",Germany,Western Europe,NUTS3
21109,Ludwigslust-Parchim,Germany,Western Europe,NUTS3
21110,Günzburg,Germany,Western Europe,NUTS3
21111,St. Wendel,Germany,Western Europe,NUTS3
21112,"Dresden, Kreisfreie Stadt",Germany,Western Europe,NUTS3
21113,Unterallgäu,Germany,Western Europe,NUTS3
21114,"Tübingen, Landkreis",Germany,Western Europe,NUTS3
21115,Zollernalbkreis,Germany,Western Europe,NUTS3
21116,Goslar,Germany,Western Europe,NUTS3
21117,Helmstedt,Germany,Western Europe,NUTS3
21118,Northeim,Germany,Western Europe,NUTS3
21119,Peine,Germany,Western Europe,NUTS3
21120,Donau-Ries,Germany,Western Europe,NUTS3
21121,Oberallgäu,Germany,Western Europe,NUTS3
21122,"Ansbach, Landkreis",Germany,Western Europe,NUTS3
21123,Alb-Donau-Kreis,Germany,Western Europe,NUTS3
21124,Dingolfing-Landau,Germany,Western Europe,NUTS3
21125,"Amberg, Kreisfreie Stadt",Germany,Western Europe,NUTS3
21126,"Regensburg, Kreisfreie Stadt",Germany,Western Europe,NUTS3
21127,"Weiden i. d. Opf, Kreisfreie Stadt",Germany,Western Europe,NUTS3
21128,Amberg-Sulzbach,Germany,Western Europe,NUTS3
21129,Diepholz,Germany,Western Europe,NUTS3
21130,Berlin,Germany,Western Europe,NUTS3
21131,Euskirchen,Germany,Western Europe,NUTS3
21132,Heinsberg,Germany,Western Europe,NUTS3
21133,Biberach,Germany,Western Europe,NUTS3
21134,Göppingen,Germany,Western Europe,NUTS3
21135,Ludwigsburg,Germany,Western Europe,NUTS3
21136,"Bamberg, Landkreis",Germany,Western Europe,NUTS3
21137,Görlitz,Germany,Western Europe,NUTS3
21138,Garmisch-Partenkirchen,Germany,Western Europe,NUTS3
21139,Rems-Murr-Kreis,Germany,Western Europe,NUTS3
21140,Erlangen-Höchstadt,Germany,Western Europe,NUTS3
21141,"Fürth, Landkreis",Germany,Western Europe,NUTS3
21142,Schwäbisch Hall,Germany,Western Europe,NUTS3
21143,Main-Tauber-Kreis,Germany,Western Europe,NUTS3
21144,Heidenheim,Germany,Western Europe,NUTS3
21145,Landsberg am Lech,Germany,Western Europe,NUTS3
21146,Miesbach,Germany,Western Europe,NUTS3
21147,Tirschenreuth,Germany,Western Europe,NUTS3
21148,"Bamberg, Kreisfreie Stadt",Germany,Western Europe,NUTS3
21149,"Bonn, Kreisfreie Stadt",Germany,Western Europe,NUTS3
21150,Oberbergischer Kreis,Germany,Western Europe,NUTS3
21151,Rheinisch-Bergischer Kreis,Germany,Western Europe,NUTS3
21152,Kleve,Germany,Western Europe,NUTS3
21153,Mettmann,Germany,Western Europe,NUTS3
21154,Rhein-Kreis Neuss,Germany,Western Europe,NUTS3
21155,Viersen,Germany,Western Europe,NUTS3
21156,"Worms, Kreisfreie Stadt",Germany,Western Europe,NUTS3
21157,"Zweibrücken, Kreisfreie Stadt",Germany,Western Europe,NUTS3
21158,Nordwestmecklenburg,Germany,Western Europe,NUTS3
21159,Ahrweiler,Germany,Western Europe,NUTS3
21160,Saarpfalz-Kreis,Germany,Western Europe,NUTS3
21161,Mayen-Koblenz,Germany,Western Europe,NUTS3
21162,Neuwied,Germany,Western Europe,NUTS3
21163,Rhein-Lahn-Kreis,Germany,Western Europe,NUTS3
21164,"Augsburg, Landkreis",Germany,Western Europe,NUTS3
21165,Dillingen a.d. Donau,Germany,Western Europe,NUTS3
21166,Oberspreewald-Lausitz,Germany,Western Europe,NUTS3
21167,Harz,Germany,Western Europe,NUTS3
21168,Mansfeld-Südharz,Germany,Western Europe,NUTS3
21169,Wesel,Germany,Western Europe,NUTS3
21170,Bautzen,Germany,Western Europe,NUTS3
21171,"Wuppertal, Kreisfreie Stadt",Germany,Western Europe,NUTS3
21172,Warendorf,Germany,Western Europe,NUTS3
21173,"Bielefeld, Kreisfreie Stadt",Germany,Western Europe,NUTS3
21174,"Köln, Kreisfreie Stadt",Germany,Western Europe,NUTS3
21175,"Leverkusen, Kreisfreie Stadt",Germany,Western Europe,NUTS3
21176,Waldshut,Germany,Western Europe,NUTS3
21177,Dithmarschen,Germany,Western Europe,NUTS3
21178,Herzogtum Lauenburg,Germany,Western Europe,NUTS3
21179,Gotha,Germany,Western Europe,NUTS3
21180,Südliche Weinstraße,Germany,Western Europe,NUTS3
21181,Rhein-Pfalz-Kreis,Germany,Western Europe,NUTS3
21182,Mainz-Bingen,Germany,Western Europe,NUTS3
21183,"Brandenburg an der Havel, Kreisfreie Stadt",Germany,Western Europe,NUTS3
21184,Düren,Germany,Western Europe,NUTS3
21185,Rhein-Erft-Kreis,Germany,Western Europe,NUTS3
21186,"Kaiserslautern, Landkreis",Germany,Western Europe,NUTS3
21187,Nordfriesland,Germany,Western Europe,NUTS3
21188,Ilm-Kreis,Germany,Western Europe,NUTS3
21189,"München, Landkreis",Germany,Western Europe,NUTS3
21190,Neuburg-Schrobenhausen,Germany,Western Europe,NUTS3
21191,Pfaffenhofen a. d. Ilm,Germany,Western Europe,NUTS3
21192,Altmarkkreis Salzwedel,Germany,Western Europe,NUTS3
21193,Freudenstadt,Germany,Western Europe,NUTS3
21194,Wunsiedel i. Fichtelgebirge,Germany,Western Europe,NUTS3
21195,"Ansbach, Kreisfreie Stadt",Germany,Western Europe,NUTS3
21196,Anhalt-Bitterfeld,Germany,Western Europe,NUTS3
21197,Lippe,Germany,Western Europe,NUTS3
21198,Hochsauerlandkreis,Germany,Western Europe,NUTS3
21199,"Erlangen, Kreisfreie Stadt",Germany,Western Europe,NUTS3
21200,"Fürth, Kreisfreie Stadt",Germany,Western Europe,NUTS3
21201,Göttingen,Germany,Western Europe,NUTS3
21202,Rottal-Inn,Germany,Western Europe,NUTS3
21203,Cham,Germany,Western Europe,NUTS3
21204,Straubing-Bogen,Germany,Western Europe,NUTS3
21205,"Rosenheim, Landkreis",Germany,Western Europe,NUTS3
21206,Starnberg,Germany,Western Europe,NUTS3
21207,Traunstein,Germany,Western Europe,NUTS3
21208,Neumarkt i. d. OPf.,Germany,Western Europe,NUTS3
21209,Neustadt a. d. Waldnaab,Germany,Western Europe,NUTS3
21210,Tuttlingen,Germany,Western Europe,NUTS3
21211,"Freiburg im Breisgau, Stadtkreis",Germany,Western Europe,NUTS3
21212,Breisgau-Hochschwarzwald,Germany,Western Europe,NUTS3
21213,Bodenseekreis,Germany,Western Europe,NUTS3
21214,Freising,Germany,Western Europe,NUTS3
21215,Miltenberg,Germany,Western Europe,NUTS3
21216,Main-Spessart,Germany,Western Europe,NUTS3
21217,Ebersberg,Germany,Western Europe,NUTS3
21218,"Bayreuth, Landkreis",Germany,Western Europe,NUTS3
21219,"Coburg, Landkreis",Germany,Western Europe,NUTS3
21220,Forchheim,Germany,Western Europe,NUTS3
21221,"Salzgitter, Kreisfreie Stadt",Germany,Western Europe,NUTS3
21222,Emmendingen,Germany,Western Europe,NUTS3
21223,"Landshut, Landkreis",Germany,Western Europe,NUTS3
21224,"Passau, Landkreis",Germany,Western Europe,NUTS3
21225,Ravensburg,Germany,Western Europe,NUTS3
21226,Sigmaringen,Germany,Western Europe,NUTS3
21227,"Ingolstadt, Kreisfreie Stadt",Germany,Western Europe,NUTS3
21228,Kronach,Germany,Western Europe,NUTS3
21229,Kulmbach,Germany,Western Europe,NUTS3
21230,Lichtenfels,Germany,Western Europe,NUTS3
21231,Weißenburg-Gunzenhausen,Germany,Western Europe,NUTS3
21232,"Aschaffenburg, Kreisfreie Stadt",Germany,Western Europe,NUTS3
21233,"Schweinfurt, Kreisfreie Stadt",Germany,Western Europe,NUTS3
21234,"Würzburg, Kreisfreie Stadt",Germany,Western Europe,NUTS3
21235,Konstanz,Germany,Western Europe,NUTS3
21236,Bad Kissingen,Germany,Western Europe,NUTS3
21237,Weilheim-Schongau,Germany,Western Europe,NUTS3
21238,"Landshut, Kreisfreie Stadt",Germany,Western Europe,NUTS3
21239,"Passau, Kreisfreie Stadt",Germany,Western Europe,NUTS3
21240,"Straubing, Kreisfreie Stadt",Germany,Western Europe,NUTS3
21241,Deggendorf,Germany,Western Europe,NUTS3
21242,Freyung-Grafenau,Germany,Western Europe,NUTS3
21243,Neu-Ulm,Germany,Western Europe,NUTS3
21244,Rhön-Grabfeld,Germany,Western Europe,NUTS3
21245,Haßberge,Germany,Western Europe,NUTS3
21246,Ortenaukreis,Germany,Western Europe,NUTS3
21247,Regen,Germany,Western Europe,NUTS3
21248,Rottweil,Germany,Western Europe,NUTS3
21249,Schwarzwald-Baar-Kreis,Germany,Western Europe,NUTS3
21250,Altötting,Germany,Western Europe,NUTS3
21251,"Wolfsburg, Kreisfreie Stadt",Germany,Western Europe,NUTS3
21252,"Nürnberg, Kreisfreie Stadt",Germany,Western Europe,NUTS3
21253,"Schwabach, Kreisfreie Stadt",Germany,Western Europe,NUTS3
21254,"Aschaffenburg, Landkreis",Germany,Western Europe,NUTS3
21255,"München, Kreisfreie Stadt",Germany,Western Europe,NUTS3
21256,"Rosenheim, Kreisfreie Stadt",Germany,Western Europe,NUTS3
21257,"Regensburg, Landkreis",Germany,Western Europe,NUTS3
21258,Schwandorf,Germany,Western Europe,NUTS3
21259,Kitzingen,Germany,Western Europe,NUTS3
21260,Altenkirchen (Westerwald),Germany,Western Europe,NUTS3
21261,Bad Kreuznach,Germany,Western Europe,NUTS3
21262,Birkenfeld,Germany,Western Europe,NUTS3
21263,"Magdeburg, Kreisfreie Stadt",Germany,Western Europe,NUTS3
21264,"Stuttgart, Stadtkreis",Germany,Western Europe,NUTS3
21265,Berchtesgadener Land,Germany,Western Europe,NUTS3
21266,Bad Tölz-Wolfratshausen,Germany,Western Europe,NUTS3
21267,"Braunschweig, Kreisfreie Stadt",Germany,Western Europe,NUTS3
21268,Meißen,Germany,Western Europe,NUTS3
21269,Sächsische Schweiz-Osterzgebirge,Germany,Western Europe,NUTS3
21270,Ennepe-Ruhr-Kreis,Germany,Western Europe,NUTS3
21271,Märkischer Kreis,Germany,Western Europe,NUTS3
21272,Dachau,Germany,Western Europe,NUTS3
21273,Mühldorf a. Inn,Germany,Western Europe,NUTS3
21274,Schleswig-Flensburg,Germany,Western Europe,NUTS3
21275,"Karlsruhe, Stadtkreis",Germany,Western Europe,NUTS3
21276,Teltow-Fläming,Germany,Western Europe,NUTS3
21277,Uckermark,Germany,Western Europe,NUTS3
21278,"Bremen, Kreisfreie Stadt",Germany,Western Europe,NUTS3
21279,"Bremerhaven, Kreisfreie Stadt",Germany,Western Europe,NUTS3
21280,"Cottbus, Kreisfreie Stadt",Germany,Western Europe,NUTS3
21281,Ostalbkreis,Germany,Western Europe,NUTS3
21282,"Baden-Baden, Stadtkreis",Germany,Western Europe,NUTS3
21283,"Kassel, Landkreis",Germany,Western Europe,NUTS3
21284,"Frankfurt (Oder), Kreisfreie Stadt",Germany,Western Europe,NUTS3
21285,"Potsdam, Kreisfreie Stadt",Germany,Western Europe,NUTS3
21286,Barnim,Germany,Western Europe,NUTS3
21287,"Karlsruhe, Landkreis",Germany,Western Europe,NUTS3
21288,Schwalm-Eder-Kreis,Germany,Western Europe,NUTS3
21289,Waldeck-Frankenberg,Germany,Western Europe,NUTS3
21290,Salzlandkreis,Germany,Western Europe,NUTS3
21291,"Erfurt, Kreisfreie Stadt",Germany,Western Europe,NUTS3
21292,"Gera, Kreisfreie Stadt",Germany,Western Europe,NUTS3
21293,"Jena, Kreisfreie Stadt",Germany,Western Europe,NUTS3
21294,"Suhl, Kreisfreie Stadt",Germany,Western Europe,NUTS3
21295,"Weimar, Kreisfreie Stadt",Germany,Western Europe,NUTS3
21296,"Heilbronn, Stadtkreis",Germany,Western Europe,NUTS3
21297,"Heilbronn, Landkreis",Germany,Western Europe,NUTS3
21298,Westerwaldkreis,Germany,Western Europe,NUTS3
21299,Cochem-Zell,Germany,Western Europe,NUTS3
21300,Rhein-Hunsrück-Kreis,Germany,Western Europe,NUTS3
21301,"Trier, Kreisfreie Stadt",Germany,Western Europe,NUTS3
21302,"Chemnitz, Kreisfreie Stadt",Germany,Western Europe,NUTS3
21303,Erzgebirgskreis,Germany,Western Europe,NUTS3
21304,Mittelsachsen,Germany,Western Europe,NUTS3
21305,"Schweinfurt, Landkreis",Germany,Western Europe,NUTS3
21306,Havelland,Germany,Western Europe,NUTS3
21307,"Würzburg, Landkreis",Germany,Western Europe,NUTS3
21308,"Augsburg, Kreisfreie Stadt",Germany,Western Europe,NUTS3
21309,"Kaufbeuren, Kreisfreie Stadt",Germany,Western Europe,NUTS3
21310,"Kempten (Allgäu), Kreisfreie Stadt",Germany,Western Europe,NUTS3
21311,Märkisch-Oderland,Germany,Western Europe,NUTS3
21312,Oberhavel,Germany,Western Europe,NUTS3
21313,Aichach-Friedberg,Germany,Western Europe,NUTS3
21314,Unstrut-Hainich-Kreis,Germany,Western Europe,NUTS3
21315,Vorpommern-Greifswald,Germany,Western Europe,NUTS3
21316,"Mannheim, Stadtkreis",Germany,Western Europe,NUTS3
21317,Kyffhäuserkreis,Germany,Western Europe,NUTS3
21318,Schmalkalden-Meiningen,Germany,Western Europe,NUTS3
21319,Rastatt,Germany,Western Europe,NUTS3
21320,"Heidelberg, Stadtkreis",Germany,Western Europe,NUTS3
21321,Neckar-Odenwald-Kreis,Germany,Western Europe,NUTS3
21322,Fürstenfeldbruck,Germany,Western Europe,NUTS3
21323,Rendsburg-Eckernförde,Germany,Western Europe,NUTS3
21324,Südwestpfalz,Germany,Western Europe,NUTS3
21325,Regionalverband Saarbrücken,Germany,Western Europe,NUTS3
21326,Merzig-Wadern,Germany,Western Europe,NUTS3
21327,Neunkirchen,Germany,Western Europe,NUTS3
21328,Saarlouis,Germany,Western Europe,NUTS3
21329,"Neumünster, Kreisfreie Stadt",Germany,Western Europe,NUTS3
21330,Vogtlandkreis,Germany,Western Europe,NUTS3
21331,Böblingen,Germany,Western Europe,NUTS3
21332,"Duisburg, Kreisfreie Stadt",Germany,Western Europe,NUTS3
21333,"Essen, Kreisfreie Stadt",Germany,Western Europe,NUTS3
21334,"Krefeld, Kreisfreie Stadt",Germany,Western Europe,NUTS3
21335,"Mönchengladbach, Kreisfreie Stadt",Germany,Western Europe,NUTS3
21336,"Mülheim an der Ruhr, Kreisfreie Stadt",Germany,Western Europe,NUTS3
21337,"Oberhausen, Kreisfreie Stadt",Germany,Western Europe,NUTS3
21338,"Remscheid, Kreisfreie Stadt",Germany,Western Europe,NUTS3
21339,"Solingen, Kreisfreie Stadt",Germany,Western Europe,NUTS3
21340,Trier-Saarburg,Germany,Western Europe,NUTS3
21341,Hohenlohekreis,Germany,Western Europe,NUTS3
21342,Pinneberg,Germany,Western Europe,NUTS3
21343,Stendal,Germany,Western Europe,NUTS3
21344,Wittenberg,Germany,Western Europe,NUTS3
21345,"Flensburg, Kreisfreie Stadt",Germany,Western Europe,NUTS3
21346,"Kiel, Kreisfreie Stadt",Germany,Western Europe,NUTS3
21347,"Lübeck, Kreisfreie Stadt",Germany,Western Europe,NUTS3
21348,Saalekreis,Germany,Western Europe,NUTS3
21349,Zwickau,Germany,Western Europe,NUTS3
21350,"Leipzig, Kreisfreie Stadt",Germany,Western Europe,NUTS3
21351,Borken,Germany,Western Europe,NUTS3
21352,Rhein-Sieg-Kreis,Germany,Western Europe,NUTS3
21353,Städteregion Aachen,Germany,Western Europe,NUTS3
21354,"Bottrop, Kreisfreie Stadt",Germany,Western Europe,NUTS3
21355,"Gelsenkirchen, Kreisfreie Stadt",Germany,Western Europe,NUTS3
21356,"Münster, Kreisfreie Stadt",Germany,Western Europe,NUTS3
21357,"Frankenthal (Pfalz), Kreisfreie Stadt",Germany,Western Europe,NUTS3
21358,"Kaiserslautern, Kreisfreie Stadt",Germany,Western Europe,NUTS3
21359,Coesfeld,Germany,Western Europe,NUTS3
21360,Recklinghausen,Germany,Western Europe,NUTS3
21361,Steinfurt,Germany,Western Europe,NUTS3
21362,Oder-Spree,Germany,Western Europe,NUTS3
21363,"Landau in der Pfalz, Kreisfreie Stadt",Germany,Western Europe,NUTS3
21364,"Ludwigshafen am Rhein, Kreisfreie Stadt",Germany,Western Europe,NUTS3
21365,"Mainz, Kreisfreie Stadt",Germany,Western Europe,NUTS3
21366,"Neustadt an der Weinstraße, Kreisfreie Stadt",Germany,Western Europe,NUTS3
21367,"Pirmasens, Kreisfreie Stadt",Germany,Western Europe,NUTS3
21368,Rheingau-Taunus-Kreis,Germany,Western Europe,NUTS3
21369,Darmstadt-Dieburg,Germany,Western Europe,NUTS3
21370,Sömmerda,Germany,Western Europe,NUTS3
21371,Hildburghausen,Germany,Western Europe,NUTS3
21372,Groß-Gerau,Germany,Western Europe,NUTS3
21373,Hochtaunuskreis,Germany,Western Europe,NUTS3
21374,Main-Kinzig-Kreis,Germany,Western Europe,NUTS3
21375,"Memmingen, Kreisfreie Stadt",Germany,Western Europe,NUTS3
21376,Wetteraukreis,Germany,Western Europe,NUTS3
21377,Gifhorn,Germany,Western Europe,NUTS3
21378,Plön,Germany,Western Europe,NUTS3
21379,Bernkastel-Wittlich,Germany,Western Europe,NUTS3
21380,Eifelkreis Bitburg-Prüm,Germany,Western Europe,NUTS3
21381,Main-Taunus-Kreis,Germany,Western Europe,NUTS3
21382,Odenwaldkreis,Germany,Western Europe,NUTS3
21383,Segeberg,Germany,Western Europe,NUTS3
21384,Steinburg,Germany,Western Europe,NUTS3
21385,Stormarn,Germany,Western Europe,NUTS3
21386,Saalfeld-Rudolstadt,Germany,Western Europe,NUTS3
21387,Vulkaneifel,Germany,Western Europe,NUTS3
21388,"Offenbach, Landkreis",Germany,Western Europe,NUTS3
21389,Weimarer Land,Germany,Western Europe,NUTS3
21390,Sonneberg,Germany,Western Europe,NUTS3
21391,Ostholstein,Germany,Western Europe,NUTS3
21392,Eichsfeld,Germany,Western Europe,NUTS3
21393,Nordhausen,Germany,Western Europe,NUTS3
21394,Wartburgkreis,Germany,Western Europe,NUTS3
21395,Saale-Holzland-Kreis,Germany,Western Europe,NUTS3
21396,Saale-Orla-Kreis,Germany,Western Europe,NUTS3
21397,Wittmund,Germany,Western Europe,NUTS3
21398,"Düsseldorf, Kreisfreie Stadt",Germany,Western Europe,NUTS3
21399,Greiz,Germany,Western Europe,NUTS3
21400,Altenburger Land,Germany,Western Europe,NUTS3
21401,"Eisenach, Kreisfreie Stadt",Germany,Western Europe,NUTS3
22001,Arr. Brugge,Belgium,Western Europe,NUTS3
22001,Municipality of Prizren,Kosovo,Southern Europe,OSM
22002,Arr. Verviers — communes francophones,Belgium,Western Europe,NUTS3
22002,Municipality of Dragash / Dragaš,Kosovo,Southern Europe,OSM
22003,Bezirk Verviers — Deutschsprachige Gemeinschaft,Belgium,Western Europe,NUTS3
22003,Municipality of Ranilug / Ranillug,Kosovo,Southern Europe,OSM
22004,Arr. de Bruxelles-Capitale/Arr. Brussel-Hoofdstad,Belgium,Western Europe,NUTS3
22004,Municipality of Peja,Kosovo,Southern Europe,OSM
22005,Arr. Waremme,Belgium,Western Europe,NUTS3
22005,Municipality of Obiliq / Obilić,Kosovo,Southern Europe,OSM
22006,Arr. Mechelen,Belgium,Western Europe,NUTS3
22006,Municipality of Viti / Vitina,Kosovo,Southern Europe,OSM
22007,Arr. Turnhout,Belgium,Western Europe,NUTS3
22007,Municipality of Leposavić,Kosovo,Southern Europe,OSM
22008,Arr. Hasselt,Belgium,Western Europe,NUTS3
22008,Municipality of Shtime / Štimlje,Kosovo,Southern Europe,OSM
22009,Arr. Maaseik,Belgium,Western Europe,NUTS3
22009,Municipality of Istog / Istok,Kosovo,Southern Europe,OSM
22010,Arr. Antwerpen,Belgium,Western Europe,NUTS3
22010,Municipality of Parteš / Partesh,Kosovo,Southern Europe,OSM
22011,Arr. Philippeville,Belgium,Western Europe,NUTS3
22011,Municipality of Mamusha,Kosovo,Southern Europe,OSM
22012,Arr. Dinant,Belgium,Western Europe,NUTS3
22012,Municipality of Rahovec,Kosovo,Southern Europe,OSM
22013,Arr. Halle-Vilvoorde,Belgium,Western Europe,NUTS3
22013,Municipality of Klina,Kosovo,Southern Europe,OSM
22014,Arr. Leuven,Belgium,Western Europe,NUTS3
22014,Municipality of Zubin Potok,Kosovo,Southern Europe,OSM
22015,Arr. Bastogne,Belgium,Western Europe,NUTS3
22015,Municipality of Novo Brdo,Kosovo,Southern Europe,OSM
22016,Arr. Dendermonde,Belgium,Western Europe,NUTS3
22016,Municipality of Gjakova,Kosovo,Southern Europe,OSM
22017,Arr. Nivelles,Belgium,Western Europe,NUTS3
22017,Municipality of North Mitrovica,Kosovo,Southern Europe,OSM
22018,Arr. Ath,Belgium,Western Europe,NUTS3
22018,Municipality of Podujeva / Podujevo,Kosovo,Southern Europe,OSM
22019,Arr. Charleroi,Belgium,Western Europe,NUTS3
22019,Municipality of Han i Elezit,Kosovo,Southern Europe,OSM
22020,Arr. Mons,Belgium,Western Europe,NUTS3
22020,Mitrovica Municipality,Kosovo,Southern Europe,OSM
22021,Arr. Eeklo,Belgium,Western Europe,NUTS3
22021,Municipality of Kamenica,Kosovo,Southern Europe,OSM
22022,Arr. Marche-en-Famenne,Belgium,Western Europe,NUTS3
22022,Municipality of Vushtrri / Vučitrn,Kosovo,Southern Europe,OSM
22023,Arr. Namur,Belgium,Western Europe,NUTS3
22023,Municipality of Gjilan / Gnjilane,Kosovo,Southern Europe,OSM
22024,Arr. Neufchâteau,Belgium,Western Europe,NUTS3
22024,Municipality of Deçan / Dečane,Kosovo,Southern Europe,OSM
22025,Arr. Virton,Belgium,Western Europe,NUTS3
22025,Municipality of Ferizaj / Uroševac,Kosovo,Southern Europe,OSM
22026,Arr. Aalst,Belgium,Western Europe,NUTS3
22026,Municipality of Suharekë,Kosovo,Southern Europe,OSM
22027,Arr. Tournai-Mouscron,Belgium,Western Europe,NUTS3
22027,Municipality of Shtërpcë / Štrpce,Kosovo,Southern Europe,OSM
22028,Arr. Thuin,Belgium,Western Europe,NUTS3
22028,Municipality of Kosovo Polje,Kosovo,Southern Europe,OSM
22029,Arr. Huy,Belgium,Western Europe,NUTS3
22029,Municipality of Skënderaj / Srbica,Kosovo,Southern Europe,OSM
22030,Arr. Liège,Belgium,Western Europe,NUTS3
22030,Municipality of Gračanica,Kosovo,Southern Europe,OSM
22031,Arr. Soignies,Belgium,Western Europe,NUTS3
22031,Municipality of Pristina,Kosovo,Southern Europe,OSM
22032,Arr. Gent,Belgium,Western Europe,NUTS3
22032,Municipality of Junik,Kosovo,Southern Europe,OSM
22033,Arr. Oudenaarde,Belgium,Western Europe,NUTS3
22033,Municipality of Drenas / Glogovac,Kosovo,Southern Europe,OSM
22034,Arr. Sint-Niklaas,Belgium,Western Europe,NUTS3
22034,Municipality of Kaçanik / Kačanik,Kosovo,Southern Europe,OSM
22035,Arr. Tongeren,Belgium,Western Europe,NUTS3
22035,Municipality of Lipjan / Lipljan,Kosovo,Southern Europe,OSM
22036,Arr. Ieper,Belgium,Western Europe,NUTS3
22036,Municipality of Zvečan,Kosovo,Southern Europe,OSM
22037,Arr. Kortrijk,Belgium,Western Europe,NUTS3
22037,Municipality of Kllokot / Klokot,Kosovo,Southern Europe,OSM
22038,Arr. Oostende,Belgium,Western Europe,NUTS3
22038,Municipality of Malisheva / Mališevo,Kosovo,Southern Europe,OSM
22039,Arr. Roeselare,Belgium,Western Europe,NUTS3
22040,Arr. Tielt,Belgium,Western Europe,NUTS3
22041,Arr. Veurne,Belgium,Western Europe,NUTS3
22042,Arr. Diksmuide,Belgium,Western Europe,NUTS3
22043,Arr. Arlon,Belgium,Western Europe,NUTS3
22044,Arr. La Louvière,Belgium,Western Europe,NUTS3
23001,Sankt Pölten,Austria,Western Europe,NUTS3
23001,Žabljak Municipality,Montenegro,Southern Europe,OSM
23002,Westliche Obersteiermark,Austria,Western Europe,NUTS3
23002,Tivat Municipality,Montenegro,Southern Europe,OSM
23003,Mostviertel-Eisenwurzen,Austria,Western Europe,NUTS3
23003,Plav Municipality,Montenegro,Southern Europe,OSM
23004,Niederösterreich-Süd,Austria,Western Europe,NUTS3
23004,Rožaje Municipality,Montenegro,Southern Europe,OSM
23005,Innviertel,Austria,Western Europe,NUTS3
23005,Gusinje Municipality,Montenegro,Southern Europe,OSM
23006,Mittelburgenland,Austria,Western Europe,NUTS3
23006,Berane Municipality,Montenegro,Southern Europe,OSM
23007,Nordburgenland,Austria,Western Europe,NUTS3
23007,Herceg Novi Municipality,Montenegro,Southern Europe,OSM
23008,Südburgenland,Austria,Western Europe,NUTS3
23008,Tuzi Municipality,Montenegro,Southern Europe,OSM
23009,Waldviertel,Austria,Western Europe,NUTS3
23009,Podgorica Capital City,Montenegro,Southern Europe,OSM
23010,Linz-Wels,Austria,Western Europe,NUTS3
23010,Mojkovac Municipality,Montenegro,Southern Europe,OSM
23011,Tiroler Unterland,Austria,Western Europe,NUTS3
23011,Kolašin Municipality,Montenegro,Southern Europe,OSM
23012,Bludenz-Bregenzer Wald,Austria,Western Europe,NUTS3
23012,Petnjica Municipality,Montenegro,Southern Europe,OSM
23013,Rheintal-Bodenseegebiet,Austria,Western Europe,NUTS3
23013,Old Royal Capital Cetinje,Montenegro,Southern Europe,OSM
23014,Östliche Obersteiermark,Austria,Western Europe,NUTS3
23014,Bijelo Polje Municipality,Montenegro,Southern Europe,OSM
23015,Lungau,Austria,Western Europe,NUTS3
23015,Plužine Municipality,Montenegro,Southern Europe,OSM
23016,Außerfern,Austria,Western Europe,NUTS3
23016,Nikšić Municipality,Montenegro,Southern Europe,OSM
23017,Oststeiermark,Austria,Western Europe,NUTS3
23017,Pljevlja Municipality,Montenegro,Southern Europe,OSM
23018,West- und Südsteiermark,Austria,Western Europe,NUTS3
23018,Budva Municipality,Montenegro,Southern Europe,OSM
23019,Pinzgau-Pongau,Austria,Western Europe,NUTS3
23019,Ulcinj Municipality,Montenegro,Southern Europe,OSM
23020,Salzburg und Umgebung,Austria,Western Europe,NUTS3
23020,Danilovgrad Municipality,Montenegro,Southern Europe,OSM
23021,Innsbruck,Austria,Western Europe,NUTS3
23021,Bar Municipality,Montenegro,Southern Europe,OSM
23022,Osttirol,Austria,Western Europe,NUTS3
23022,Andrijevica Municipality,Montenegro,Southern Europe,OSM
23023,Tiroler Oberland,Austria,Western Europe,NUTS3
23023,Kotor Municipality,Montenegro,Southern Europe,OSM
23024,Mühlviertel,Austria,Western Europe,NUTS3
23024,Šavnik Municipality,Montenegro,Southern Europe,OSM
23025,Steyr-Kirchdorf,Austria,Western Europe,NUTS3
23026,Traunviertel,Austria,Western Europe,NUTS3
23027,Oberkärnten,Austria,Western Europe,NUTS3
23028,Wiener Umland/Nordteil,Austria,Western Europe,NUTS3
23029,Wiener Umland/Südteil,Austria,Western Europe,NUTS3
23030,Weinviertel,Austria,Western Europe,NUTS3
23031,Klagenfurt-Villach,Austria,Western Europe,NUTS3
23032,Unterkärnten,Austria,Western Europe,NUTS3
23033,Graz,Austria,Western Europe,NUTS3
23034,Liezen,Austria,Western Europe,NUTS3
23035,Wien,Austria,Western Europe,NUTS3
24001,Yvelines,France,Western Europe,NUTS3
24001,Autonomous Monastic State of the Holy Mountain,Monastic State of the Holy Mountain,Southern Europe,OSM
24002,Essonne,France,Western Europe,NUTS3
24003,Hauts-de-Seine,France,Western Europe,NUTS3
24004,Var,France,Western Europe,NUTS3
24005,Saône-et-Loire,France,Western Europe,NUTS3
24006,Loire,France,Western Europe,NUTS3
24007,Gironde,France,Western Europe,NUTS3
24008,Seine-et-Marne,France,Western Europe,NUTS3
24009,Loir-et-Cher,France,Western Europe,NUTS3
24010,Paris,France,Western Europe,NUTS3
24011,Indre-et-Loire,France,Western Europe,NUTS3
24012,Loiret,France,Western Europe,NUTS3
24013,Côte-d’Or,France,Western Europe,NUTS3
24014,Nièvre,France,Western Europe,NUTS3
24015,Deux-Sèvres,France,Western Europe,NUTS3
24016,Somme,France,Western Europe,NUTS3
24017,Haute-Savoie,France,Western Europe,NUTS3
24018,Yonne,France,Western Europe,NUTS3
24019,Alpes-de-Haute-Provence,France,Western Europe,NUTS3
24020,Indre,France,Western Europe,NUTS3
24021,Doubs,France,Western Europe,NUTS3
24022,Haute-Marne,France,Western Europe,NUTS3
24023,Hautes-Pyrénées,France,Western Europe,NUTS3
24024,Allier,France,Western Europe,NUTS3
24025,Alpes-Maritimes,France,Western Europe,NUTS3
24026,Vaucluse,France,Western Europe,NUTS3
24027,Haute-Vienne,France,Western Europe,NUTS3
24028,Vosges,France,Western Europe,NUTS3
24029,Mayenne,France,Western Europe,NUTS3
24030,Drôme,France,Western Europe,NUTS3
24031,Charente,France,Western Europe,NUTS3
24032,Côtes-d’Armor,France,Western Europe,NUTS3
24033,Dordogne,France,Western Europe,NUTS3
24034,Loire-Atlantique,France,Western Europe,NUTS3
24035,Isère,France,Western Europe,NUTS3
24036,Moselle,France,Western Europe,NUTS3
24037,Morbihan,France,Western Europe,NUTS3
24038,Creuse,France,Western Europe,NUTS3
24039,Rhône,France,Western Europe,NUTS3
24040,Maine-et-Loire,France,Western Europe,NUTS3
24041,Bouches-du-Rhône,France,Western Europe,NUTS3
24042,Nord,France,Western Europe,NUTS3
24043,Haut-Rhin,France,Western Europe,NUTS3
24044,Landes,France,Western Europe,NUTS3
24045,Calvados,France,Western Europe,NUTS3
24046,Territoire de Belfort,France,Western Europe,NUTS3
24047,Eure-et-Loir,France,Western Europe,NUTS3
24048,Cher,France,Western Europe,NUTS3
24049,Ariège,France,Western Europe,NUTS3
24050,Tarn-et-Garonne,France,Western Europe,NUTS3
24051,Seine-Maritime,France,Western Europe,NUTS3
24052,Aveyron,France,Western Europe,NUTS3
24053,Haute-Loire,France,Western Europe,NUTS3
24054,Haute-Saône,France,Western Europe,NUTS3
24055,Aude,France,Western Europe,NUTS3
24056,Lot-et-Garonne,France,Western Europe,NUTS3
24057,Savoie,France,Western Europe,NUTS3
24058,Gers,France,Western Europe,NUTS3
24059,Gard,France,Western Europe,NUTS3
24060,Corse-du-Sud,France,Western Europe,NUTS3
24061,Hérault,France,Western Europe,NUTS3
24062,Eure,France,Western Europe,NUTS3
24063,Vienne,France,Western Europe,NUTS3
24064,Charente-Maritime,France,Western Europe,NUTS3
24065,Seine-Saint-Denis,France,Western Europe,NUTS3
24066,Aisne,France,Western Europe,NUTS3
24067,Hautes-Alpes,France,Western Europe,NUTS3
24068,Aube,France,Western Europe,NUTS3
24069,Val-de-Marne,France,Western Europe,NUTS3
24070,Bas-Rhin,France,Western Europe,NUTS3
24071,Ardennes,France,Western Europe,NUTS3
24072,Oise,France,Western Europe,NUTS3
24073,Vendée,France,Western Europe,NUTS3
24074,Ardèche,France,Western Europe,NUTS3
24075,Marne,France,Western Europe,NUTS3
24076,Manche,France,Western Europe,NUTS3
24077,Meurthe-et-Moselle,France,Western Europe,NUTS3
24078,Puy-de-Dôme,France,Western Europe,NUTS3
24079,Haute-Corse,France,Western Europe,NUTS3
24080,Val-d’Oise,France,Western Europe,NUTS3
24081,Tarn,France,Western Europe,NUTS3
24082,Meuse,France,Western Europe,NUTS3
24083,Sarthe,France,Western Europe,NUTS3
24084,Lozère,France,Western Europe,NUTS3
24085,Pyrénées-Orientales,France,Western Europe,NUTS3
24086,Pas-de-Calais,France,Western Europe,NUTS3
24087,Ille-et-Vilaine,France,Western Europe,NUTS3
24088,Lot,France,Western Europe,NUTS3
24089,Ain,France,Western Europe,NUTS3
24090,Corrèze,France,Western Europe,NUTS3
24091,Cantal,France,Western Europe,NUTS3
24092,Pyrénées-Atlantiques,France,Western Europe,NUTS3
24093,Finistère,France,Western Europe,NUTS3
24094,Haute-Garonne,France,Western Europe,NUTS3
24095,Orne,France,Western Europe,NUTS3
25001,Obwalden,Switzerland,Western Europe,NUTS3
25001,San Marino,San Marino,Southern Europe,OSM
25002,Nidwalden,Switzerland,Western Europe,NUTS3
25003,Zug,Switzerland,Western Europe,NUTS3
25004,Aargau,Switzerland,Western Europe,NUTS3
25005,Bern,Switzerland,Western Europe,NUTS3
25006,Jura,Switzerland,Western Europe,NUTS3
25007,Basel-Stadt,Switzerland,Western Europe,NUTS3
25008,Zürich,Switzerland,Western Europe,NUTS3
25009,Ticino,Switzerland,Western Europe,NUTS3
25010,Freiburg,Switzerland,Western Europe,NUTS3
25011,Vaud,Switzerland,Western Europe,NUTS3
25012,Basel-Landschaft,Switzerland,Western Europe,NUTS3
25013,Schwyz,Switzerland,Western Europe,NUTS3
25014,Glarus,Switzerland,Western Europe,NUTS3
25015,Schaffhausen,Switzerland,Western Europe,NUTS3
25016,Appenzell Ausserrhoden,Switzerland,Western Europe,NUTS3
25017,Appenzell Innerrhoden,Switzerland,Western Europe,NUTS3
25018,Graubünden,Switzerland,Western Europe,NUTS3
25019,St. Gallen,Switzerland,Western Europe,NUTS3
25020,Luzern,Switzerland,Western Europe,NUTS3
25021,Uri,Switzerland,Western Europe,NUTS3
25022,Thurgau,Switzerland,Western Europe,NUTS3
25023,Solothurn,Switzerland,Western Europe,NUTS3
25024,Genève,Switzerland,Western Europe,NUTS3
25025,Valais,Switzerland,Western Europe,NUTS3
25026,Neuchâtel,Switzerland,Western Europe,NUTS3
26001,Groot-Amsterdam,Netherlands,Western Europe,NUTS3
26001,Brčko District,Bosnia and Herzegovina,Southern Europe,OSM
26002,Agglomeratie ’s-Gravenhage,Netherlands,Western Europe,NUTS3
26002,Federation of Bosnia and Herzegovina,Bosnia and Herzegovina,Southern Europe,OSM
26003,Delft en Westland,Netherlands,Western Europe,NUTS3
26003,Republika Srpska,Bosnia and Herzegovina,Southern Europe,OSM
26004,Agglomeratie Leiden en Bollenstreek,Netherlands,Western Europe,NUTS3
26005,Zuidoost-Zuid-Holland,Netherlands,Western Europe,NUTS3
26006,Oost-Zuid-Holland,Netherlands,Western Europe,NUTS3
26007,Groot-Rijnmond,Netherlands,Western Europe,NUTS3
26008,Zeeuwsch-Vlaanderen,Netherlands,Western Europe,NUTS3
26009,Overig Zeeland,Netherlands,Western Europe,NUTS3
26010,West-Noord-Brabant,Netherlands,Western Europe,NUTS3
26011,Midden-Noord-Brabant,Netherlands,Western Europe,NUTS3
26012,Noord-Friesland,Netherlands,Western Europe,NUTS3
26013,Zuidwest-Friesland,Netherlands,Western Europe,NUTS3
26014,Zuidoost-Friesland,Netherlands,Western Europe,NUTS3
26015,Zuidoost-Noord-Brabant,Netherlands,Western Europe,NUTS3
26016,Zuidoost-Drenthe,Netherlands,Western Europe,NUTS3
26017,Zuidwest-Drenthe,Netherlands,Western Europe,NUTS3
26018,Noord-Overijssel,Netherlands,Western Europe,NUTS3
26019,Zuidwest-Overijssel,Netherlands,Western Europe,NUTS3
26020,Twente,Netherlands,Western Europe,NUTS3
26021,Veluwe,Netherlands,Western Europe,NUTS3
26022,Oost-Groningen,Netherlands,Western Europe,NUTS3
26023,Delfzijl en omgeving,Netherlands,Western Europe,NUTS3
26024,Noord-Limburg,Netherlands,Western Europe,NUTS3
26025,Noordoost-Noord-Brabant,Netherlands,Western Europe,NUTS3
26026,Noord-Drenthe,Netherlands,Western Europe,NUTS3
26027,Midden-Limburg,Netherlands,Western Europe,NUTS3
26028,Overig Groningen,Netherlands,Western Europe,NUTS3
26029,Zuid-Limburg,Netherlands,Western Europe,NUTS3
26030,Kop van Noord-Holland,Netherlands,Western Europe,NUTS3
26031,Utrecht,Netherlands,Western Europe,NUTS3
26032,IJmond,Netherlands,Western Europe,NUTS3
26033,Agglomeratie Haarlem,Netherlands,Western Europe,NUTS3
26034,Zaanstreek,Netherlands,Western Europe,NUTS3
26035,Het Gooi en Vechtstreek,Netherlands,Western Europe,NUTS3
26036,Alkmaar en omgeving,Netherlands,Western Europe,NUTS3
26037,Achterhoek,Netherlands,Western Europe,NUTS3
26038,Arnhem/Nijmegen,Netherlands,Western Europe,NUTS3
26039,Flevoland,Netherlands,Western Europe,NUTS3
26040,Zuidwest-Gelderland,Netherlands,Western Europe,NUTS3
27001,Luxembourg,Luxembourg,Western Europe,NUTS3
28001,Liechtenstein,Liechtenstein,Western Europe,NUTS3
31001,София,Bulgaria,Eastern Europe,NUTS3
31002,Бургас,Bulgaria,Eastern Europe,NUTS3
31003,Добрич,Bulgaria,Eastern Europe,NUTS3
31004,Шумен,Bulgaria,Eastern Europe,NUTS3
31005,Ловеч,Bulgaria,Eastern Europe,NUTS3
31006,Велико Търново,Bulgaria,Eastern Europe,NUTS3
31007,Плевен,Bulgaria,Eastern Europe,NUTS3
31008,Варна,Bulgaria,Eastern Europe,NUTS3
31009,Видин,Bulgaria,Eastern Europe,NUTS3
31010,Монтана,Bulgaria,Eastern Europe,NUTS3
31011,Търговище,Bulgaria,Eastern Europe,NUTS3
31012,Враца,Bulgaria,Eastern Europe,NUTS3
31013,Благоевград,Bulgaria,Eastern Europe,NUTS3
31014,Перник,Bulgaria,Eastern Europe,NUTS3
31015,Пловдив,Bulgaria,Eastern Europe,NUTS3
31016,Кюстендил,Bulgaria,Eastern Europe,NUTS3
31017,Кърджали,Bulgaria,Eastern Europe,NUTS3
31018,Габрово,Bulgaria,Eastern Europe,NUTS3
31019,Стара Загора,Bulgaria,Eastern Europe,NUTS3
31020,София (столица),Bulgaria,Eastern Europe,NUTS3
31021,Разград,Bulgaria,Eastern Europe,NUTS3
31022,Пазарджик,Bulgaria,Eastern Europe,NUTS3
31023,Смолян,Bulgaria,Eastern Europe,NUTS3
31024,Силистра,Bulgaria,Eastern Europe,NUTS3
31025,Хасково,Bulgaria,Eastern Europe,NUTS3
31026,Сливен,Bulgaria,Eastern Europe,NUTS3
31027,Ямбол,Bulgaria,Eastern Europe,NUTS3
31028,Русе,Bulgaria,Eastern Europe,NUTS3
32001,Jihočeský kraj,Czechia,Eastern Europe,NUTS3
32002,Olomoucký kraj,Czechia,Eastern Europe,NUTS3
32003,Plzeňský kraj,Czechia,Eastern Europe,NUTS3
32004,Jihomoravský kraj,Czechia,Eastern Europe,NUTS3
32005,Kraj Vysočina,Czechia,Eastern Europe,NUTS3
32006,Karlovarský kraj,Czechia,Eastern Europe,NUTS3
32007,Liberecký kraj,Czechia,Eastern Europe,NUTS3
32008,Středočeský kraj,Czechia,Eastern Europe,NUTS3
32009,Ústecký kraj,Czechia,Eastern Europe,NUTS3
32010,Královéhradecký kraj,Czechia,Eastern Europe,NUTS3
32011,Hlavní město Praha,Czechia,Eastern Europe,NUTS3
32012,Zlínský kraj,Czechia,Eastern Europe,NUTS3
32013,Moravskoslezský kraj,Czechia,Eastern Europe,NUTS3
32014,Pardubický kraj,Czechia,Eastern Europe,NUTS3
33001,Budapest,Hungary,Eastern Europe,NUTS3
33002,Veszprém,Hungary,Eastern Europe,NUTS3
33003,Győr-Moson-Sopron,Hungary,Eastern Europe,NUTS3
33004,Baranya,Hungary,Eastern Europe,NUTS3
33005,Somogy,Hungary,Eastern Europe,NUTS3
33006,Vas,Hungary,Eastern Europe,NUTS3
33007,Zala,Hungary,Eastern Europe,NUTS3
33008,Fejér,Hungary,Eastern Europe,NUTS3
33009,Komárom-Esztergom,Hungary,Eastern Europe,NUTS3
33010,Pest,Hungary,Eastern Europe,NUTS3
33011,Nógrád,Hungary,Eastern Europe,NUTS3
33012,Csongrád,Hungary,Eastern Europe,NUTS3
33013,Tolna,Hungary,Eastern Europe,NUTS3
33014,Hajdú-Bihar,Hungary,Eastern Europe,NUTS3
33015,Jász-Nagykun-Szolnok,Hungary,Eastern Europe,NUTS3
33016,Szabolcs-Szatmár-Bereg,Hungary,Eastern Europe,NUTS3
33017,Heves,Hungary,Eastern Europe,NUTS3
33018,Borsod-Abaúj-Zemplén,Hungary,Eastern Europe,NUTS3
33019,Bács-Kiskun,Hungary,Eastern Europe,NUTS3
33020,Békés,Hungary,Eastern Europe,NUTS3
34001,Miasto Wrocław,Poland,Eastern Europe,NUTS3
34002,Miasto Szczecin,Poland,Eastern Europe,NUTS3
34003,Bialski,Poland,Eastern Europe,NUTS3
34004,Łomżyński,Poland,Eastern Europe,NUTS3
34005,Wrocławski,Poland,Eastern Europe,NUTS3
34006,Nowotarski,Poland,Eastern Europe,NUTS3
34007,Oświęcimski,Poland,Eastern Europe,NUTS3
34008,Zielonogórski,Poland,Eastern Europe,NUTS3
34009,Kaliski,Poland,Eastern Europe,NUTS3
34010,Poznański,Poland,Eastern Europe,NUTS3
34011,Siedlecki,Poland,Eastern Europe,NUTS3
34012,Ostrołęcki,Poland,Eastern Europe,NUTS3
34013,Białostocki,Poland,Eastern Europe,NUTS3
34014,Miasto Kraków,Poland,Eastern Europe,NUTS3
34015,Olsztyński,Poland,Eastern Europe,NUTS3
34016,Ełcki,Poland,Eastern Europe,NUTS3
34017,Trójmiejski,Poland,Eastern Europe,NUTS3
34018,Gdański,Poland,Eastern Europe,NUTS3
34019,Słupski,Poland,Eastern Europe,NUTS3
34020,Opolski,Poland,Eastern Europe,NUTS3
34021,Bydgosko-toruński,Poland,Eastern Europe,NUTS3
34022,Radomski,Poland,Eastern Europe,NUTS3
34023,Skierniewicki,Poland,Eastern Europe,NUTS3
34024,Kielecki,Poland,Eastern Europe,NUTS3
34025,Sandomiersko-jędrzejowski,Poland,Eastern Europe,NUTS3
34026,Nyski,Poland,Eastern Europe,NUTS3
34027,Puławski,Poland,Eastern Europe,NUTS3
34028,Włocławski,Poland,Eastern Europe,NUTS3
34029,Łódzki,Poland,Eastern Europe,NUTS3
34030,Chojnicki,Poland,Eastern Europe,NUTS3
34031,Starogardzki,Poland,Eastern Europe,NUTS3
34032,Miasto Łódź,Poland,Eastern Europe,NUTS3
34033,Leszczyński,Poland,Eastern Europe,NUTS3
34034,Jeleniogórski,Poland,Eastern Europe,NUTS3
34035,Legnicko-głogowski,Poland,Eastern Europe,NUTS3
34036,Tarnobrzeski,Poland,Eastern Europe,NUTS3
34037,Koniński,Poland,Eastern Europe,NUTS3
34038,Szczecinecko-pyrzycki,Poland,Eastern Europe,NUTS3
34039,Tyski,Poland,Eastern Europe,NUTS3
34040,Sieradzki,Poland,Eastern Europe,NUTS3
34041,Rzeszowski,Poland,Eastern Europe,NUTS3
34042,Szczeciński,Poland,Eastern Europe,NUTS3
34043,Bytomski,Poland,Eastern Europe,NUTS3
34044,Gliwicki,Poland,Eastern Europe,NUTS3
34045,Katowicki,Poland,Eastern Europe,NUTS3
34046,Koszaliński,Poland,Eastern Europe,NUTS3
34047,Suwalski,Poland,Eastern Europe,NUTS3
34048,Lubelski,Poland,Eastern Europe,NUTS3
34049,Wałbrzyski,Poland,Eastern Europe,NUTS3
34050,Miasto Warszawa,Poland,Eastern Europe,NUTS3
34051,Tarnowski,Poland,Eastern Europe,NUTS3
34052,Piotrkowski,Poland,Eastern Europe,NUTS3
34053,Warszawski wschodni,Poland,Eastern Europe,NUTS3
34054,Pilski,Poland,Eastern Europe,NUTS3
34055,Nowosądecki,Poland,Eastern Europe,NUTS3
34056,Elbląski,Poland,Eastern Europe,NUTS3
34057,Sosnowiecki,Poland,Eastern Europe,NUTS3
34058,Krośnieński,Poland,Eastern Europe,NUTS3
34059,Krakowski,Poland,Eastern Europe,NUTS3
34060,Częstochowski,Poland,Eastern Europe,NUTS3
34061,Grudziądzki,Poland,Eastern Europe,NUTS3
34062,Chełmsko-zamojski,Poland,Eastern Europe,NUTS3
34063,Bielski,Poland,Eastern Europe,NUTS3
34064,Rybnicki,Poland,Eastern Europe,NUTS3
34065,Miasto Poznań,Poland,Eastern Europe,NUTS3
34066,Warszawski zachodni,Poland,Eastern Europe,NUTS3
34067,Inowrocławski,Poland,Eastern Europe,NUTS3
34068,Świecki,Poland,Eastern Europe,NUTS3
34069,Gorzowski,Poland,Eastern Europe,NUTS3
34070,Przemyski,Poland,Eastern Europe,NUTS3
34071,Żyrardowski,Poland,Eastern Europe,NUTS3
34072,Ciechanowski,Poland,Eastern Europe,NUTS3
34073,Płocki,Poland,Eastern Europe,NUTS3
35001,Braşov,Romania,Eastern Europe,NUTS3
35002,Timiş,Romania,Eastern Europe,NUTS3
35003,Teleorman,Romania,Eastern Europe,NUTS3
35004,Covasna,Romania,Eastern Europe,NUTS3
35005,Vaslui,Romania,Eastern Europe,NUTS3
35006,Brăila,Romania,Eastern Europe,NUTS3
35007,Prahova,Romania,Eastern Europe,NUTS3
35008,Bucureşti,Romania,Eastern Europe,NUTS3
35009,Arad,Romania,Eastern Europe,NUTS3
35010,Caraş-Severin,Romania,Eastern Europe,NUTS3
35011,Hunedoara,Romania,Eastern Europe,NUTS3
35012,Sălaj,Romania,Eastern Europe,NUTS3
35013,Gorj,Romania,Eastern Europe,NUTS3
35014,Harghita,Romania,Eastern Europe,NUTS3
35015,Neamţ,Romania,Eastern Europe,NUTS3
35016,Maramureş,Romania,Eastern Europe,NUTS3
35017,Satu Mare,Romania,Eastern Europe,NUTS3
35018,Suceava,Romania,Eastern Europe,NUTS3
35019,Ilfov,Romania,Eastern Europe,NUTS3
35020,Dolj,Romania,Eastern Europe,NUTS3
35021,Alba,Romania,Eastern Europe,NUTS3
35022,Buzău,Romania,Eastern Europe,NUTS3
35023,Constanţa,Romania,Eastern Europe,NUTS3
35024,Cluj,Romania,Eastern Europe,NUTS3
35025,Galaţi,Romania,Eastern Europe,NUTS3
35026,Tulcea,Romania,Eastern Europe,NUTS3
35027,Iaşi,Romania,Eastern Europe,NUTS3
35028,Bihor,Romania,Eastern Europe,NUTS3
35029,Vrancea,Romania,Eastern Europe,NUTS3
35030,Giurgiu,Romania,Eastern Europe,NUTS3
35031,Argeş,Romania,Eastern Europe,NUTS3
35032,Bacău,Romania,Eastern Europe,NUTS3
35033,Ialomiţa,Romania,Eastern Europe,NUTS3
35034,Mureş,Romania,Eastern Europe,NUTS3
35035,Sibiu,Romania,Eastern Europe,NUTS3
35036,Olt,Romania,Eastern Europe,NUTS3
35037,Mehedinţi,Romania,Eastern Europe,NUTS3
35038,Vâlcea,Romania,Eastern Europe,NUTS3
35039,Botoşani,Romania,Eastern Europe,NUTS3
35040,Bistriţa-Năsăud,Romania,Eastern Europe,NUTS3
35041,Călăraşi,Romania,Eastern Europe,NUTS3
35042,Dâmboviţa,Romania,Eastern Europe,NUTS3
36001,Banskobystrický kraj,Slovakia,Eastern Europe,NUTS3
36002,Trenčiansky kraj,Slovakia,Eastern Europe,NUTS3
36003,Bratislavský kraj,Slovakia,Eastern Europe,NUTS3
36004,Žilinský kraj,Slovakia,Eastern Europe,NUTS3
36005,Košický kraj,Slovakia,Eastern Europe,NUTS3
36006,Trnavský kraj,Slovakia,Eastern Europe,NUTS3
36007,Prešovský kraj,Slovakia,Eastern Europe,NUTS3
36008,Nitriansky kraj,Slovakia,Eastern Europe,NUTS3
41001,Kanta-Häme,Finland,Northern Europe,NUTS3
41002,Päijät-Häme,Finland,Northern Europe,NUTS3
41003,Satakunta,Finland,Northern Europe,NUTS3
41004,Etelä-Pohjanmaa,Finland,Northern Europe,NUTS3
41005,Pohjanmaa,Finland,Northern Europe,NUTS3
41006,Kymenlaakso,Finland,Northern Europe,NUTS3
41007,Pirkanmaa,Finland,Northern Europe,NUTS3
41008,Helsinki-Uusimaa,Finland,Northern Europe,NUTS3
41009,Varsinais-Suomi,Finland,Northern Europe,NUTS3
41010,Åland,Finland,Northern Europe,NUTS3
41011,Keski-Suomi,Finland,Northern Europe,NUTS3
41012,Keski-Pohjanmaa,Finland,Northern Europe,NUTS3
41013,Pohjois-Pohjanmaa,Finland,Northern Europe,NUTS3
41014,Etelä-Karjala,Finland,Northern Europe,NUTS3
41015,Etelä-Savo,Finland,Northern Europe,NUTS3
41016,Pohjois-Karjala,Finland,Northern Europe,NUTS3
41017,Kainuu,Finland,Northern Europe,NUTS3
41018,Pohjois-Savo,Finland,Northern Europe,NUTS3
41019,Lappi,Finland,Northern Europe,NUTS3
42001,Byen København,Denmark,Northern Europe,NUTS3
42002,Københavns omegn,Denmark,Northern Europe,NUTS3
42003,Fyn,Denmark,Northern Europe,NUTS3
42004,Nordsjælland,Denmark,Northern Europe,NUTS3
42005,Bornholm,Denmark,Northern Europe,NUTS3
42006,Vestjylland,Denmark,Northern Europe,NUTS3
42007,Østsjælland,Denmark,Northern Europe,NUTS3
42008,Sydjylland,Denmark,Northern Europe,NUTS3
42009,Vest- og Sydsjælland,Denmark,Northern Europe,NUTS3
42010,Nordjylland,Denmark,Northern Europe,NUTS3
42011,Østjylland,Denmark,Northern Europe,NUTS3
43001,Kirde-Eesti,Estonia,Northern Europe,NUTS3
43002,Lõuna-Eesti,Estonia,Northern Europe,NUTS3
43003,Kesk-Eesti,Estonia,Northern Europe,NUTS3
43004,Põhja-Eesti,Estonia,Northern Europe,NUTS3
43005,Lääne-Eesti,Estonia,Northern Europe,NUTS3
44001,Viken,Norway,Northern Europe,NUTS3
44002,Rogaland,Norway,Northern Europe,NUTS3
44003,Vestland,Norway,Northern Europe,NUTS3
44004,Trøndelag,Norway,Northern Europe,NUTS3
44005,Troms og Finnmark,Norway,Northern Europe,NUTS3
44006,Innlandet,Norway,Northern Europe,NUTS3
44007,Oslo,Norway,Northern Europe,NUTS3
44008,Vestfold og Telemark,Norway,Northern Europe,NUTS3
44009,Agder,Norway,Northern Europe,NUTS3
44010,Møre og Romsdal,Norway,Northern Europe,NUTS3
44011,Nordland,Norway,Northern Europe,NUTS3
45001,Landsbyggð,Iceland,Northern Europe,NUTS3
45002,Höfuðborgarsvæði,Iceland,Northern Europe,NUTS3
46001,Pierīga,Latvia,Northern Europe,NUTS3
46002,Vidzeme,Latvia,Northern Europe,NUTS3
46003,Rīga,Latvia,Northern Europe,NUTS3
46004,Zemgale,Latvia,Northern Europe,NUTS3
46005,Latgale,Latvia,Northern Europe,NUTS3
46006,Kurzeme,Latvia,Northern Europe,NUTS3
47001,Šiaulių apskritis,Lithuania,Northern Europe,NUTS3
47002,Tauragės apskritis,Lithuania,Northern Europe,NUTS3
47003,Alytaus apskritis,Lithuania,Northern Europe,NUTS3
47004,Panevėžio apskritis,Lithuania,Northern Europe,NUTS3
47005,Telšių apskritis,Lithuania,Northern Europe,NUTS3
47006,Kauno apskritis,Lithuania,Northern Europe,NUTS3
47007,Marijampolės apskritis,Lithuania,Northern Europe,NUTS3
47008,Klaipėdos apskritis,Lithuania,Northern Europe,NUTS3
47009,Utenos apskritis,Lithuania,Northern Europe,NUTS3
47010,Vilniaus apskritis,Lithuania,Northern Europe,NUTS3
48001,Kalmar län,Sweden,Northern Europe,NUTS3
48002,Blekinge län,Sweden,Northern Europe,NUTS3
48003,Gävleborgs län,Sweden,Northern Europe,NUTS3
48004,Västerbottens län,Sweden,Northern Europe,NUTS3
48005,Norrbottens län,Sweden,Northern Europe,NUTS3
48006,Södermanlands län,Sweden,Northern Europe,NUTS3
48007,Värmlands län,Sweden,Northern Europe,NUTS3
48008,Uppsala län,Sweden,Northern Europe,NUTS3
48009,Kronobergs län,Sweden,Northern Europe,NUTS3
48010,Skåne län,Sweden,Northern Europe,NUTS3
48011,Stockholms län,Sweden,Northern Europe,NUTS3
48012,Västmanlands län,Sweden,Northern Europe,NUTS3
48013,Hallands län,Sweden,Northern Europe,NUTS3
48014,Västra Götalands län,Sweden,Northern Europe,NUTS3
48015,Jämtlands län,Sweden,Northern Europe,NUTS3
48016,Östergötlands län,Sweden,Northern Europe,NUTS3
48017,Västernorrlands län,Sweden,Northern Europe,NUTS3
48018,Dalarnas län,Sweden,Northern Europe,NUTS3
48019,Jönköpings län,Sweden,Northern Europe,NUTS3
48020,Örebro län,Sweden,Northern Europe,NUTS3
48021,Gotlands län,Sweden,Northern Europe,NUTS3
49001,Border,Ireland,Northern Europe,NUTS3
49002,Mid-West,Ireland,Northern Europe,NUTS3
49003,Midland,Ireland,Northern Europe,NUTS3
49004,Mid-East,Ireland,Northern Europe,NUTS3
49005,West,Ireland,Northern Europe,NUTS3
49006,South-East,Ireland,Northern Europe,NUTS3
49007,South-West,Ireland,Northern Europe,NUTS3
49008,Dublin,Ireland,Northern Europe,NUTS3
50001,"Inverness & Nairn and Moray, Badenoch & Strathspey",United Kingdom of Great Britain and Northern Ireland,Northern Europe,NUTS3
50002,"Lochaber, Skye & Lochalsh, Arran & Cumbrae and Argyll & Bute",United Kingdom of Great Britain and Northern Ireland,Northern Europe,NUTS3
50003,Caithness & Sutherland and Ross & Cromarty,United Kingdom of Great Britain and Northern Ireland,Northern Europe,NUTS3
50004,North Yorkshire CC,United Kingdom of Great Britain and Northern Ireland,Northern Europe,NUTS3
50005,Oxfordshire,United Kingdom of Great Britain and Northern Ireland,Northern Europe,NUTS3
50006,Brighton and Hove,United Kingdom of Great Britain and Northern Ireland,Northern Europe,NUTS3
50007,East Sussex CC,United Kingdom of Great Britain and Northern Ireland,Northern Europe,NUTS3
50008,Tyneside,United Kingdom of Great Britain and Northern Ireland,Northern Europe,NUTS3
50009,Aberdeen City and Aberdeenshire,United Kingdom of Great Britain and Northern Ireland,Northern Europe,NUTS3
50010,Sunderland,United Kingdom of Great Britain and Northern Ireland,Northern Europe,NUTS3
50011,Lincolnshire,United Kingdom of Great Britain and Northern Ireland,Northern Europe,NUTS3
50012,"Herefordshire, County of",United Kingdom of Great Britain and Northern Ireland,Northern Europe,NUTS3
50013,Leicestershire CC and Rutland,United Kingdom of Great Britain and Northern Ireland,Northern Europe,NUTS3
50014,West Northamptonshire,United Kingdom of Great Britain and Northern Ireland,Northern Europe,NUTS3
50015,North Northamptonshire,United Kingdom of Great Britain and Northern Ireland,Northern Europe,NUTS3
50016,Lancaster and Wyre,United Kingdom of Great Britain and Northern Ireland,Northern Europe,NUTS3
50017,York,United Kingdom of Great Britain and Northern Ireland,Northern Europe,NUTS3
50018,Dumfries & Galloway,United Kingdom of Great Britain and Northern Ireland,Northern Europe,NUTS3
50019,Worcestershire,United Kingdom of Great Britain and Northern Ireland,Northern Europe,NUTS3
50020,Warwickshire,United Kingdom of Great Britain and Northern Ireland,Northern Europe,NUTS3
50021,Telford and Wrekin,United Kingdom of Great Britain and Northern Ireland,Northern Europe,NUTS3
50022,Greater Manchester North West,United Kingdom of Great Britain and Northern Ireland,Northern Europe,NUTS3
50023,Greater Manchester North East,United Kingdom of Great Britain and Northern Ireland,Northern Europe,NUTS3
50024,Blackburn with Darwen,United Kingdom of Great Britain and Northern Ireland,Northern Europe,NUTS3
50025,Blackpool,United Kingdom of Great Britain and Northern Ireland,Northern Europe,NUTS3
50026,Suffolk,United Kingdom of Great Britain and Northern Ireland,Northern Europe,NUTS3
50027,Norwich and East Norfolk,United Kingdom of Great Britain and Northern Ireland,Northern Europe,NUTS3
50028,East Ayrshire and North Ayrshire mainland,United Kingdom of Great Britain and Northern Ireland,Northern Europe,NUTS3
50029,Hartlepool and Stockton-on-Tees,United Kingdom of Great Britain and Northern Ireland,Northern Europe,NUTS3
50030,South Teesside,United Kingdom of Great Britain and Northern Ireland,Northern Europe,NUTS3
50031,Darlington,United Kingdom of Great Britain and Northern Ireland,Northern Europe,NUTS3
50032,Mid Lancashire,United Kingdom of Great Britain and Northern Ireland,Northern Europe,NUTS3
50033,Sefton,United Kingdom of Great Britain and Northern Ireland,Northern Europe,NUTS3
50034,Wirral,United Kingdom of Great Britain and Northern Ireland,Northern Europe,NUTS3
50035,"Kingston upon Hull, City of",United Kingdom of Great Britain and Northern Ireland,Northern Europe,NUTS3
50036,West Kent,United Kingdom of Great Britain and Northern Ireland,Northern Europe,NUTS3
50037,"Bristol, City of",United Kingdom of Great Britain and Northern Ireland,Northern Europe,NUTS3
50038,"Bath and North East Somerset, North Somerset and South Gloucestershire",United Kingdom of Great Britain and Northern Ireland,Northern Europe,NUTS3
50039,East Lancashire,United Kingdom of Great Britain and Northern Ireland,Northern Europe,NUTS3
50040,Chorley and West Lancashire,United Kingdom of Great Britain and Northern Ireland,Northern Europe,NUTS3
50041,Warrington,United Kingdom of Great Britain and Northern Ireland,Northern Europe,NUTS3
50042,"Barnsley, Doncaster and Rotherham",United Kingdom of Great Britain and Northern Ireland,Northern Europe,NUTS3
50043,Sheffield,United Kingdom of Great Britain and Northern Ireland,Northern Europe,NUTS3
50044,West Sussex (North East),United Kingdom of Great Britain and Northern Ireland,Northern Europe,NUTS3
50045,Portsmouth,United Kingdom of Great Britain and Northern Ireland,Northern Europe,NUTS3
50046,Cheshire East,United Kingdom of Great Britain and Northern Ireland,Northern Europe,NUTS3
50047,Southampton,United Kingdom of Great Britain and Northern Ireland,Northern Europe,NUTS3
50048,Isle of Wight,United Kingdom of Great Britain and Northern Ireland,Northern Europe,NUTS3
50049,South Hampshire,United Kingdom of Great Britain and Northern Ireland,Northern Europe,NUTS3
50050,Mid Ulster,United Kingdom of Great Britain and Northern Ireland,Northern Europe,NUTS3
50051,East Riding of Yorkshire,United Kingdom of Great Britain and Northern Ireland,Northern Europe,NUTS3
50052,North and North East Lincolnshire,United Kingdom of Great Britain and Northern Ireland,Northern Europe,NUTS3
50053,Causeway Coast and Glens,United Kingdom of Great Britain and Northern Ireland,Northern Europe,NUTS3
50054,Antrim and Newtownabbey,United Kingdom of Great Britain and Northern Ireland,Northern Europe,NUTS3
50055,Berkshire,United Kingdom of Great Britain and Northern Ireland,Northern Europe,NUTS3
50056,South Ayrshire,United Kingdom of Great Britain and Northern Ireland,Northern Europe,NUTS3
50057,Bradford,United Kingdom of Great Britain and Northern Ireland,Northern Europe,NUTS3
50058,Leeds,United Kingdom of Great Britain and Northern Ireland,Northern Europe,NUTS3
50059,Calderdale and Kirklees,United Kingdom of Great Britain and Northern Ireland,Northern Europe,NUTS3
50060,South Lanarkshire,United Kingdom of Great Britain and Northern Ireland,Northern Europe,NUTS3
50061,Belfast,United Kingdom of Great Britain and Northern Ireland,Northern Europe,NUTS3
50062,Cornwall and Isles of Scilly,United Kingdom of Great Britain and Northern Ireland,Northern Europe,NUTS3
50063,Cheshire West and Chester,United Kingdom of Great Britain and Northern Ireland,Northern Europe,NUTS3
50064,East Merseyside,United Kingdom of Great Britain and Northern Ireland,Northern Europe,NUTS3
50065,Milton Keynes,United Kingdom of Great Britain and Northern Ireland,Northern Europe,NUTS3
50066,Gwynedd,United Kingdom of Great Britain and Northern Ireland,Northern Europe,NUTS3
50067,Liverpool,United Kingdom of Great Britain and Northern Ireland,Northern Europe,NUTS3
50068,Ards and North Down,United Kingdom of Great Britain and Northern Ireland,Northern Europe,NUTS3
50069,Buckinghamshire CC,United Kingdom of Great Britain and Northern Ireland,Northern Europe,NUTS3
50070,Conwy and Denbighshire,United Kingdom of Great Britain and Northern Ireland,Northern Europe,NUTS3
50071,Derry City and Strabane,United Kingdom of Great Britain and Northern Ireland,Northern Europe,NUTS3
50072,Glasgow City,United Kingdom of Great Britain and Northern Ireland,Northern Europe,NUTS3
50073,Scottish Borders,United Kingdom of Great Britain and Northern Ireland,Northern Europe,NUTS3
50074,Plymouth,United Kingdom of Great Britain and Northern Ireland,Northern Europe,NUTS3
50075,Stoke-on-Trent,United Kingdom of Great Britain and Northern Ireland,Northern Europe,NUTS3
50076,Wakefield,United Kingdom of Great Britain and Northern Ireland,Northern Europe,NUTS3
50077,Derby,United Kingdom of Great Britain and Northern Ireland,Northern Europe,NUTS3
50078,East Derbyshire,United Kingdom of Great Britain and Northern Ireland,Northern Europe,NUTS3
50079,South West Wales,United Kingdom of Great Britain and Northern Ireland,Northern Europe,NUTS3
50080,Essex Haven Gateway,United Kingdom of Great Britain and Northern Ireland,Northern Europe,NUTS3
50081,West Essex,United Kingdom of Great Britain and Northern Ireland,Northern Europe,NUTS3
50082,West Surrey,United Kingdom of Great Britain and Northern Ireland,Northern Europe,NUTS3
50083,South and West Derbyshire,United Kingdom of Great Britain and Northern Ireland,Northern Europe,NUTS3
50084,Greater Manchester South West,United Kingdom of Great Britain and Northern Ireland,Northern Europe,NUTS3
50085,Greater Manchester South East,United Kingdom of Great Britain and Northern Ireland,Northern Europe,NUTS3
50086,Heart of Essex,United Kingdom of Great Britain and Northern Ireland,Northern Europe,NUTS3
50087,Essex Thames Gateway,United Kingdom of Great Britain and Northern Ireland,Northern Europe,NUTS3
50088,Camden and City of London,United Kingdom of Great Britain and Northern Ireland,Northern Europe,NUTS3
50089,Westminster,United Kingdom of Great Britain and Northern Ireland,Northern Europe,NUTS3
50090,Kensington & Chelsea and Hammersmith & Fulham,United Kingdom of Great Britain and Northern Ireland,Northern Europe,NUTS3
50091,Wandsworth,United Kingdom of Great Britain and Northern Ireland,Northern Europe,NUTS3
50092,Hackney and Newham,United Kingdom of Great Britain and Northern Ireland,Northern Europe,NUTS3
50093,Tower Hamlets,United Kingdom of Great Britain and Northern Ireland,Northern Europe,NUTS3
50094,North and West Norfolk,United Kingdom of Great Britain and Northern Ireland,Northern Europe,NUTS3
50095,Breckland and South Norfolk,United Kingdom of Great Britain and Northern Ireland,Northern Europe,NUTS3
50096,Gwent Valleys,United Kingdom of Great Britain and Northern Ireland,Northern Europe,NUTS3
50097,Bridgend and Neath Port Talbot,United Kingdom of Great Britain and Northern Ireland,Northern Europe,NUTS3
50098,West Cumbria,United Kingdom of Great Britain and Northern Ireland,Northern Europe,NUTS3
50099,Manchester,United Kingdom of Great Britain and Northern Ireland,Northern Europe,NUTS3
50100,Durham CC,United Kingdom of Great Britain and Northern Ireland,Northern Europe,NUTS3
50101,Northumberland,United Kingdom of Great Britain and Northern Ireland,Northern Europe,NUTS3
50102,"Inverclyde, East Renfrewshire and Renfrewshire",United Kingdom of Great Britain and Northern Ireland,Northern Europe,NUTS3
50103,Orkney Islands,United Kingdom of Great Britain and Northern Ireland,Northern Europe,NUTS3
50104,Hertfordshire,United Kingdom of Great Britain and Northern Ireland,Northern Europe,NUTS3
50105,Bedford,United Kingdom of Great Britain and Northern Ireland,Northern Europe,NUTS3
50106,North Lanarkshire,United Kingdom of Great Britain and Northern Ireland,Northern Europe,NUTS3
50107,Central Bedfordshire,United Kingdom of Great Britain and Northern Ireland,Northern Europe,NUTS3
50108,Southend-on-Sea,United Kingdom of Great Britain and Northern Ireland,Northern Europe,NUTS3
50109,Thurrock,United Kingdom of Great Britain and Northern Ireland,Northern Europe,NUTS3
50110,Flintshire and Wrexham,United Kingdom of Great Britain and Northern Ireland,Northern Europe,NUTS3
50111,Gloucestershire,United Kingdom of Great Britain and Northern Ireland,Northern Europe,NUTS3
50112,Swindon,United Kingdom of Great Britain and Northern Ireland,Northern Europe,NUTS3
50113,Cardiff and Vale of Glamorgan,United Kingdom of Great Britain and Northern Ireland,Northern Europe,NUTS3
50114,Nottingham,United Kingdom of Great Britain and Northern Ireland,Northern Europe,NUTS3
50115,Swansea,United Kingdom of Great Britain and Northern Ireland,Northern Europe,NUTS3
50116,Monmouthshire and Newport,United Kingdom of Great Britain and Northern Ireland,Northern Europe,NUTS3
50117,"Armagh City, Banbridge and Craigavon",United Kingdom of Great Britain and Northern Ireland,Northern Europe,NUTS3
50118,Torbay,United Kingdom of Great Britain and Northern Ireland,Northern Europe,NUTS3
50119,Shetland Islands,United Kingdom of Great Britain and Northern Ireland,Northern Europe,NUTS3
50120,Angus and Dundee City,United Kingdom of Great Britain and Northern Ireland,Northern Europe,NUTS3
50121,Clackmannanshire and Fife,United Kingdom of Great Britain and Northern Ireland,Northern Europe,NUTS3
50122,Birmingham,United Kingdom of Great Britain and Northern Ireland,Northern Europe,NUTS3
50123,Powys,United Kingdom of Great Britain and Northern Ireland,Northern Europe,NUTS3
50124,North Nottinghamshire,United Kingdom of Great Britain and Northern Ireland,Northern Europe,NUTS3
50125,East Cumbria,United Kingdom of Great Britain and Northern Ireland,Northern Europe,NUTS3
50126,South Nottinghamshire,United Kingdom of Great Britain and Northern Ireland,Northern Europe,NUTS3
50127,Leicester,United Kingdom of Great Britain and Northern Ireland,Northern Europe,NUTS3
50128,Shropshire CC,United Kingdom of Great Britain and Northern Ireland,Northern Europe,NUTS3
50129,Coventry,United Kingdom of Great Britain and Northern Ireland,Northern Europe,NUTS3
50130,Dudley,United Kingdom of Great Britain and Northern Ireland,Northern Europe,NUTS3
50131,Haringey and Islington,United Kingdom of Great Britain and Northern Ireland,Northern Europe,NUTS3
50132,Dorset,United Kingdom of Great Britain and Northern Ireland,Northern Europe,NUTS3
50133,Lewisham and Southwark,United Kingdom of Great Britain and Northern Ireland,Northern Europe,NUTS3
50134,Lambeth,United Kingdom of Great Britain and Northern Ireland,Northern Europe,NUTS3
50135,Bexley and Greenwich,United Kingdom of Great Britain and Northern Ireland,Northern Europe,NUTS3
50136,Barking & Dagenham and Havering,United Kingdom of Great Britain and Northern Ireland,Northern Europe,NUTS3
50137,Redbridge and Waltham Forest,United Kingdom of Great Britain and Northern Ireland,Northern Europe,NUTS3
50138,East Kent,United Kingdom of Great Britain and Northern Ireland,Northern Europe,NUTS3
50139,Mid Kent,United Kingdom of Great Britain and Northern Ireland,Northern Europe,NUTS3
50140,Central Valleys,United Kingdom of Great Britain and Northern Ireland,Northern Europe,NUTS3
50141,Enfield,United Kingdom of Great Britain and Northern Ireland,Northern Europe,NUTS3
50142,Bromley,United Kingdom of Great Britain and Northern Ireland,Northern Europe,NUTS3
50143,Staffordshire CC,United Kingdom of Great Britain and Northern Ireland,Northern Europe,NUTS3
50144,Croydon,United Kingdom of Great Britain and Northern Ireland,Northern Europe,NUTS3
50145,North Hampshire,United Kingdom of Great Britain and Northern Ireland,Northern Europe,NUTS3
50146,Devon CC,United Kingdom of Great Britain and Northern Ireland,Northern Europe,NUTS3
50147,Central Hampshire,United Kingdom of Great Britain and Northern Ireland,Northern Europe,NUTS3
50148,Medway,United Kingdom of Great Britain and Northern Ireland,Northern Europe,NUTS3
50149,Sandwell,United Kingdom of Great Britain and Northern Ireland,Northern Europe,NUTS3
50150,"East Dunbartonshire, West Dunbartonshire and Helensburgh & Lomond",United Kingdom of Great Britain and Northern Ireland,Northern Europe,NUTS3
50151,"Merton, Kingston upon Thames and Sutton",United Kingdom of Great Britain and Northern Ireland,Northern Europe,NUTS3
50152,Barnet,United Kingdom of Great Britain and Northern Ireland,Northern Europe,NUTS3
50153,Brent,United Kingdom of Great Britain and Northern Ireland,Northern Europe,NUTS3
50154,Ealing,United Kingdom of Great Britain and Northern Ireland,Northern Europe,NUTS3
50155,Harrow and Hillingdon,United Kingdom of Great Britain and Northern Ireland,Northern Europe,NUTS3
50156,Hounslow and Richmond upon Thames,United Kingdom of Great Britain and Northern Ireland,Northern Europe,NUTS3
50157,Kent Thames Gateway,United Kingdom of Great Britain and Northern Ireland,Northern Europe,NUTS3
50158,Na h-Eileanan Siar (Western Isles),United Kingdom of Great Britain and Northern Ireland,Northern Europe,NUTS3
50159,"Newry, Mourne and Down",United Kingdom of Great Britain and Northern Ireland,Northern Europe,NUTS3
50160,Perth & Kinross and Stirling,United Kingdom of Great Britain and Northern Ireland,Northern Europe,NUTS3
50161,Fermanagh and Omagh,United Kingdom of Great Britain and Northern Ireland,Northern Europe,NUTS3
50162,Lisburn and Castlereagh,United Kingdom of Great Britain and Northern Ireland,Northern Europe,NUTS3
50163,Mid and East Antrim,United Kingdom of Great Britain and Northern Ireland,Northern Europe,NUTS3
50164,Walsall,United Kingdom of Great Britain and Northern Ireland,Northern Europe,NUTS3
50165,Wolverhampton,United Kingdom of Great Britain and Northern Ireland,Northern Europe,NUTS3
50166,Peterborough,United Kingdom of Great Britain and Northern Ireland,Northern Europe,NUTS3
50167,Cambridgeshire CC,United Kingdom of Great Britain and Northern Ireland,Northern Europe,NUTS3
50168,Luton,United Kingdom of Great Britain and Northern Ireland,Northern Europe,NUTS3
50169,Somerset,United Kingdom of Great Britain and Northern Ireland,Northern Europe,NUTS3
50170,Isle of Anglesey,United Kingdom of Great Britain and Northern Ireland,Northern Europe,NUTS3
50171,Solihull,United Kingdom of Great Britain and Northern Ireland,Northern Europe,NUTS3
50172,East Surrey,United Kingdom of Great Britain and Northern Ireland,Northern Europe,NUTS3
50173,West Sussex (South West),United Kingdom of Great Britain and Northern Ireland,Northern Europe,NUTS3
50174,Wiltshire CC,United Kingdom of Great Britain and Northern Ireland,Northern Europe,NUTS3
50175,East Lothian and Midlothian,United Kingdom of Great Britain and Northern Ireland,Northern Europe,NUTS3
50176,"Edinburgh, City of",United Kingdom of Great Britain and Northern Ireland,Northern Europe,NUTS3
50177,Falkirk,United Kingdom of Great Britain and Northern Ireland,Northern Europe,NUTS3
50178,West Lothian,United Kingdom of Great Britain and Northern Ireland,Northern Europe,NUTS3
50179,"Bournemouth, Christchurch and Poole",United Kingdom of Great Britain and Northern Ireland,Northern Europe,NUTS3
51001,Κύπρος,Cyprus,Western Asia,NUTS3
51001,Bride,Isle of Man,Northern Europe,OSM
51002,Port Erin,Isle of Man,Northern Europe,OSM
51003,Onchan,Isle of Man,Northern Europe,OSM
51004,Maughold,Isle of Man,Northern Europe,OSM
51005,German,Isle of Man,Northern Europe,OSM
51006,Port Saint Mary,Isle of Man,Northern Europe,OSM
51007,Peel,Isle of Man,Northern Europe,OSM
51008,Patrick,Isle of Man,Northern Europe,OSM
51009,Santon,Isle of Man,Northern Europe,OSM
51010,Ballaugh,Isle of Man,Northern Europe,OSM
51011,Rushen,Isle of Man,Northern Europe,OSM
51012,Michael,Isle of Man,Northern Europe,OSM
51013,Glenfaba,Isle of Man,Northern Europe,OSM
51014,Lezayre,Isle of Man,Northern Europe,OSM
51015,Malew,Isle of Man,Northern Europe,OSM
51016,Laxey,Isle of Man,Northern Europe,OSM
51017,Andreas,Isle of Man,Northern Europe,OSM
51018,Lonan,Isle of Man,Northern Europe,OSM
51019,Jurby,Isle of Man,Northern Europe,OSM
51020,Douglas,Isle of Man,Northern Europe,OSM
51021,Garff,Isle of Man,Northern Europe,OSM
51022,Castletown,Isle of Man,Northern Europe,OSM
51023,Marown,Isle of Man,Northern Europe,OSM
51024,Ayre,Isle of Man,Northern Europe,OSM
51025,Braddan,Isle of Man,Northern Europe,OSM
51026,Middle,Isle of Man,Northern Europe,OSM
51027,Ramsey,Isle of Man,Northern Europe,OSM
51028,Arbory,Isle of Man,Northern Europe,OSM
52001,St. John,Bailiwick of Jersey ,Northern Europe,OSM
52002,Saint Clement,Bailiwick of Jersey ,Northern Europe,OSM
52003,St. Mary,Bailiwick of Jersey ,Northern Europe,OSM
52004,St. Lawrence,Bailiwick of Jersey ,Northern Europe,OSM
52005,St. Saviour,Bailiwick of Jersey ,Northern Europe,OSM
52006,Grouville,Bailiwick of Jersey ,Northern Europe,OSM
52007,St. Helier,Bailiwick of Jersey ,Northern Europe,OSM
52008,St. Brelade,Bailiwick of Jersey ,Northern Europe,OSM
52009,St. Martin,Bailiwick of Jersey ,Northern Europe,OSM
52010,Trinity,Bailiwick of Jersey ,Northern Europe,OSM
52011,St. Peter,Bailiwick of Jersey ,Northern Europe,OSM
52012,St. Ouen,Bailiwick of Jersey ,Northern Europe,OSM
53001,Sark,Bailiwick of Guernsey,Northern Europe,OSM
53002,Alderney,Bailiwick of Guernsey,Northern Europe,OSM
53003,Guernsey,Bailiwick of Guernsey,Northern Europe,OSM
54001,Faroe Islands,Faroe Islands,Northern Europe,OSM
